2026-09-29 14:06:58 INFO    z500  源=planette  年=1981-2025  月=[3, 4, 5, 6, 7, 8]
2026-09-29 14:08:14 INFO    z500  源=planette  年=1981-2025  月=[3, 4, 5, 6, 7, 8]
2026-09-29 14:24:32 INFO    z500  源=planette  年=1981-2025  月=[5, 6, 7, 8]
2026-09-29 14:24:59 INFO    z500  源=planette  年=1981-2025  月=[5, 6, 7, 8]
2026-09-29 14:25:37 INFO    写出 z500_1981.nc  (34.7 MB, 123 天)
2026-09-29 14:26:14 INFO    写出 z500_1982.nc  (34.8 MB, 123 天)
2026-09-29 14:26:47 INFO    写出 z500_1983.nc  (34.7 MB, 123 天)
2026-09-29 14:27:24 INFO    写出 z500_1984.nc  (34.6 MB, 123 天)
2026-09-29 14:28:00 INFO    写出 z500_1985.nc  (34.7 MB, 123 天)
2026-09-29 14:29:08 INFO    写出 z500_1986.nc  (34.9 MB, 123 天)
2026-09-29 14:29:48 INFO    写出 z500_1987.nc  (34.8 MB, 123 天)
2026-09-29 14:30:24 INFO    写出 z500_1988.nc  (34.8 MB, 123 天)
2026-09-29 14:30:58 INFO    写出 z500_1989.nc  (35.0 MB, 123 天)
2026-09-29 14:32:09 INFO    写出 z500_1990.nc  (35.0 MB, 123 天)
2026-09-29 14:35:05 INFO    写出 z500_1991.nc  (35.0 MB, 123 天)
2026-09-29 14:36:27 INFO    写出 z500_1992.nc  (34.8 MB, 123 天)
2026-09-29 14:37:06 INFO    写出 z500_1993.nc  (34.8 MB, 123 天)
2026-09-29 14:37:39 INFO    写出 z500_1994.nc  (34.9 MB, 123 天)
2026-09-29 14:38:11 INFO    写出 z500_1995.nc  (34.8 MB, 123 天)
2026-09-29 14:38:46 INFO    写出 z500_1996.nc  (34.8 MB, 123 天)
2026-09-29 14:39:24 INFO    写出 z500_1997.nc  (35.0 MB, 123 天)
2026-09-29 14:39:58 INFO    写出 z500_1998.nc  (34.8 MB, 123 天)
2026-09-29 14:40:30 INFO    写出 z500_1999.nc  (34.8 MB, 123 天)
2026-09-29 14:41:03 INFO    写出 z500_2000.nc  (34.9 MB, 123 天)
2026-09-29 14:42:49 ERROR   2001 失败：object store error dispatch failure: io error: client error (Connect): tls handshake eof

context:
   0: icechunk::asset_manager::fetch_chunk
           with chunk_id=84S1JMQXAPXJPYNKQXVG range=0..91547057
             at icechunk/src/asset_manager.rs:963
   1: icechunk::store::get
           with key="pressure/0p25latx0p25lon/z/c/745/5/0/0" byte_range=From(0)
             at icechunk/src/store.rs:183
2026-09-29 14:44:36 ERROR   2002 失败：object store error dispatch failure: io error: client error (Connect): tls handshake eof

context:
   0: icechunk::asset_manager::fetch_chunk
           with chunk_id=Y0JTYEAP46W5QJ2X0P80 range=0..91507673
             at icechunk/src/asset_manager.rs:963
   1: icechunk::store::get
           with key="pressure/0p25latx0p25lon/z/c/756/5/0/0" byte_range=From(0)
             at icechunk/src/store.rs:183
2026-09-29 14:46:23 ERROR   2003 失败：object store error dispatch failure: io error: client error (Connect): tls handshake eof

context:
   0: icechunk::asset_manager::fetch_chunk
           with chunk_id=0K9S0M8BDR64X7M50NSG range=0..91427429
             at icechunk/src/asset_manager.rs:963
   1: icechunk::store::get
           with key="pressure/0p25latx0p25lon/z/c/767/5/0/0" byte_range=From(0)
             at icechunk/src/store.rs:183
2026-09-29 14:48:09 ERROR   2004 失败：object store error dispatch failure: io error: client error (Connect): tls handshake eof

context:
   0: icechunk::asset_manager::fetch_chunk
           with chunk_id=SN24R79KJRXMC2QZ25G0 range=0..91260856
             at icechunk/src/asset_manager.rs:963
   1: icechunk::store::get
           with key="pressure/0p25latx0p25lon/z/c/783/5/0/0" byte_range=From(0)
             at icechunk/src/store.rs:183
2026-09-29 14:49:56 ERROR   2005 失败：object store error dispatch failure: io error: client error (Connect): tls handshake eof

context:
   0: icechunk::asset_manager::fetch_chunk
           with chunk_id=XKVG4WMF3EG87MY5TCEG range=0..91499194
             at icechunk/src/asset_manager.rs:963
   1: icechunk::store::get
           with key="pressure/0p25latx0p25lon/z/c/793/5/0/0" byte_range=From(0)
             at icechunk/src/store.rs:183
2026-09-29 14:51:43 ERROR   2006 失败：object store error dispatch failure: io error: client error (Connect): tls handshake eof

context:
   0: icechunk::asset_manager::fetch_chunk
           with chunk_id=3P2TCK0W6VGAZNWJXB00 range=0..91071179
             at icechunk/src/asset_manager.rs:963
   1: icechunk::store::get
           with key="pressure/0p25latx0p25lon/z/c/807/5/0/0" byte_range=From(0)
             at icechunk/src/store.rs:183
2026-09-29 14:53:29 ERROR   2007 失败：object store error dispatch failure: io error: client error (Connect): tls handshake eof

context:
   0: icechunk::asset_manager::fetch_chunk
           with chunk_id=QH4CGPXTTK6VRVEXMRB0 range=0..90542201
             at icechunk/src/asset_manager.rs:963
   1: icechunk::store::get
           with key="pressure/0p25latx0p25lon/z/c/820/5/0/0" byte_range=From(0)
             at icechunk/src/store.rs:183
2026-09-29 14:55:16 ERROR   2008 失败：object store error dispatch failure: io error: client error (Connect): tls handshake eof

context:
   0: icechunk::asset_manager::fetch_chunk
           with chunk_id=8XXYQA2PNJ0GAFFRCVK0 range=0..91446387
             at icechunk/src/asset_manager.rs:963
   1: icechunk::store::get
           with key="pressure/0p25latx0p25lon/z/c/829/5/0/0" byte_range=From(0)
             at icechunk/src/store.rs:183
2026-09-29 14:57:02 ERROR   2009 失败：object store error dispatch failure: io error: client error (Connect): tls handshake eof

context:
   0: icechunk::asset_manager::fetch_chunk
           with chunk_id=0S49Z02C8CB876A9GJ2G range=0..91398889
             at icechunk/src/asset_manager.rs:963
   1: icechunk::store::get
           with key="pressure/0p25latx0p25lon/z/c/843/5/0/0" byte_range=From(0)
             at icechunk/src/store.rs:183
2026-09-29 14:58:49 ERROR   2010 失败：object store error dispatch failure: io error: client error (Connect): tls handshake eof

context:
   0: icechunk::asset_manager::fetch_chunk
           with chunk_id=PAES0XJ1W2Y6KM6QSYDG range=0..91049951
             at icechunk/src/asset_manager.rs:963
   1: icechunk::store::get
           with key="pressure/0p25latx0p25lon/z/c/853/5/0/0" byte_range=From(0)
             at icechunk/src/store.rs:183
2026-09-29 15:00:36 ERROR   2011 失败：object store error dispatch failure: io error: client error (Connect): tls handshake eof

context:
   0: icechunk::asset_manager::fetch_chunk
           with chunk_id=CATGRYVYAR1KFZX62BS0 range=0..91722711
             at icechunk/src/asset_manager.rs:963
   1: icechunk::store::get
           with key="pressure/0p25latx0p25lon/z/c/865/5/0/0" byte_range=From(0)
             at icechunk/src/store.rs:183
2026-09-29 15:02:22 ERROR   2012 失败：object store error dispatch failure: io error: client error (Connect): tls handshake eof

context:
   0: icechunk::asset_manager::fetch_chunk
           with chunk_id=M1V1YY9PDWZ8QK7JXFG0 range=0..90628541
             at icechunk/src/asset_manager.rs:963
   1: icechunk::store::get
           with key="pressure/0p25latx0p25lon/z/c/881/5/0/0" byte_range=From(0)
             at icechunk/src/store.rs:183
2026-09-29 15:04:09 ERROR   2013 失败：object store error dispatch failure: io error: client error (Connect): tls handshake eof

context:
   0: icechunk::asset_manager::fetch_chunk
           with chunk_id=YXA37SVJXA53T5WZVQ00 range=0..91364525
             at icechunk/src/asset_manager.rs:963
   1: icechunk::store::get
           with key="pressure/0p25latx0p25lon/z/c/889/5/0/0" byte_range=From(0)
             at icechunk/src/store.rs:183
2026-09-29 15:05:55 ERROR   2014 失败：object store error dispatch failure: io error: client error (Connect): tls handshake eof

context:
   0: icechunk::asset_manager::fetch_chunk
           with chunk_id=B7K69ZDP97SQQ4XSMD60 range=0..91138387
             at icechunk/src/asset_manager.rs:963
   1: icechunk::store::get
           with key="pressure/0p25latx0p25lon/z/c/904/5/0/0" byte_range=From(0)
             at icechunk/src/store.rs:183
2026-09-29 15:07:42 ERROR   2015 失败：object store error dispatch failure: io error: client error (Connect): tls handshake eof

context:
   0: icechunk::asset_manager::fetch_chunk
           with chunk_id=P48SYWJDA5M7V23Y7X8G range=0..90895851
             at icechunk/src/asset_manager.rs:963
   1: icechunk::store::get
           with key="pressure/0p25latx0p25lon/z/c/917/5/0/0" byte_range=From(0)
             at icechunk/src/store.rs:183
2026-09-29 15:09:29 ERROR   2016 失败：object store error dispatch failure: io error: client error (Connect): tls handshake eof

context:
   0: icechunk::asset_manager::fetch_chunk
           with chunk_id=2KZ47CZPNSFDXGRQMFXG range=0..91069366
             at icechunk/src/asset_manager.rs:963
   1: icechunk::store::get
           with key="pressure/0p25latx0p25lon/z/c/930/5/0/0" byte_range=From(0)
             at icechunk/src/store.rs:183
2026-09-29 15:11:15 ERROR   2017 失败：object store error dispatch failure: io error: client error (Connect): tls handshake eof

context:
   0: icechunk::asset_manager::fetch_chunk
           with chunk_id=QM1AXH6Q3H1MTCDW2V60 range=0..91143402
             at icechunk/src/asset_manager.rs:963
   1: icechunk::store::get
           with key="pressure/0p25latx0p25lon/z/c/939/5/0/0" byte_range=From(0)
             at icechunk/src/store.rs:183
2026-09-29 15:13:02 ERROR   2018 失败：object store error dispatch failure: io error: client error (Connect): tls handshake eof

context:
   0: icechunk::asset_manager::fetch_chunk
           with chunk_id=7V1DDMTAA0274J0BTQHG range=0..91487482
             at icechunk/src/asset_manager.rs:963
   1: icechunk::store::get
           with key="pressure/0p25latx0p25lon/z/c/951/5/0/0" byte_range=From(0)
             at icechunk/src/store.rs:183
2026-09-29 15:14:49 ERROR   2019 失败：object store error dispatch failure: io error: client error (Connect): tls handshake eof

context:
   0: icechunk::asset_manager::fetch_chunk
           with chunk_id=GHFB31QCH7F60NCXR3TG range=0..90978143
             at icechunk/src/asset_manager.rs:963
   1: icechunk::store::get
           with key="pressure/0p25latx0p25lon/z/c/965/5/0/0" byte_range=From(0)
             at icechunk/src/store.rs:183
2026-09-29 15:16:35 ERROR   2020 失败：object store error dispatch failure: io error: client error (Connect): tls handshake eof

context:
   0: icechunk::asset_manager::fetch_chunk
           with chunk_id=9WGBEAZ5GW4BT1AW4G1G range=0..91178850
             at icechunk/src/asset_manager.rs:963
   1: icechunk::store::get
           with key="pressure/0p25latx0p25lon/z/c/976/5/0/0" byte_range=From(0)
             at icechunk/src/store.rs:183
2026-09-29 15:18:22 ERROR   2021 失败：object store error dispatch failure: io error: client error (Connect): tls handshake eof

context:
   0: icechunk::asset_manager::fetch_chunk
           with chunk_id=1EXX03M7SD56JCPQWPHG range=0..90666030
             at icechunk/src/asset_manager.rs:963
   1: icechunk::store::get
           with key="pressure/0p25latx0p25lon/z/c/991/5/0/0" byte_range=From(0)
             at icechunk/src/store.rs:183
2026-09-29 15:20:09 ERROR   2022 失败：object store error dispatch failure: io error: client error (Connect): tls handshake eof

context:
   0: icechunk::asset_manager::fetch_chunk
           with chunk_id=NZJRJTGGZFPFBPTKKPJG range=0..90580945
             at icechunk/src/asset_manager.rs:963
   1: icechunk::store::get
           with key="pressure/0p25latx0p25lon/z/c/1002/5/0/0" byte_range=From(0)
             at icechunk/src/store.rs:183
2026-09-29 15:21:55 ERROR   2023 失败：object store error dispatch failure: io error: client error (Connect): tls handshake eof

context:
   0: icechunk::asset_manager::fetch_chunk
           with chunk_id=PW9BVMMRV5P2S8J7G940 range=0..91361462
             at icechunk/src/asset_manager.rs:963
   1: icechunk::store::get
           with key="pressure/0p25latx0p25lon/z/c/1012/5/0/0" byte_range=From(0)
             at icechunk/src/store.rs:183
2026-09-29 15:23:42 ERROR   2024 失败：object store error dispatch failure: io error: client error (Connect): tls handshake eof

context:
   0: icechunk::asset_manager::fetch_chunk
           with chunk_id=DD1TXS914XE7NKPY0710 range=0..91289762
             at icechunk/src/asset_manager.rs:963
   1: icechunk::store::get
           with key="pressure/0p25latx0p25lon/z/c/1027/5/0/0" byte_range=From(0)
             at icechunk/src/store.rs:183
2026-09-29 15:25:29 ERROR   2025 失败：object store error dispatch failure: io error: client error (Connect): tls handshake eof

context:
   0: icechunk::asset_manager::fetch_chunk
           with chunk_id=70SRGR6T4FE7XKPN79ZG range=0..91225705
             at icechunk/src/asset_manager.rs:963
   1: icechunk::store::get
           with key="pressure/0p25latx0p25lon/z/c/1035/5/0/0" byte_range=From(0)
             at icechunk/src/store.rs:183
2026-09-29 15:25:30 INFO    完成：新下载 20，跳过 0，失败 25
2026-09-29 15:38:59 INFO    z500  源=planette  年=1981-2025  月=[5, 6, 7, 8]
2026-09-29 15:39:42 ERROR   失败：object store error dispatch failure: io error: client error (Connect): tls handshake eof

context:
   0: icechunk::refs::fetch_branch
           with name="main"
             at icechunk/src/refs.rs:458
   1: icechunk::refs::fetch_branch_tip_v1
           with name="main"
             at icechunk/src/refs.rs:479
   2: icechunk::repository::fetch_spec_version
             at icechunk/src/repository.rs:539
2026-09-29 15:39:42 ERROR   若提示 Network is unreachable，说明当前环境连不到该主机；请在你自己能上网的终端里重跑。
2026-09-29 22:18:52 INFO    z500  源=planette  年=1981-2025  月=[5, 6, 7, 8]
2026-09-29 22:19:01 INFO    跳过 z500_1981.nc（已存在）
2026-09-29 22:19:01 INFO    跳过 z500_1982.nc（已存在）
2026-09-29 22:19:01 INFO    跳过 z500_1983.nc（已存在）
2026-09-29 22:19:01 INFO    跳过 z500_1984.nc（已存在）
2026-09-29 22:19:01 INFO    跳过 z500_1985.nc（已存在）
2026-09-29 22:19:01 INFO    跳过 z500_1986.nc（已存在）
2026-09-29 22:19:01 INFO    跳过 z500_1987.nc（已存在）
2026-09-29 22:19:01 INFO    跳过 z500_1988.nc（已存在）
2026-09-29 22:19:01 INFO    跳过 z500_1989.nc（已存在）
2026-09-29 22:19:01 INFO    跳过 z500_1990.nc（已存在）
2026-09-29 22:19:01 INFO    跳过 z500_1991.nc（已存在）
2026-09-29 22:19:01 INFO    跳过 z500_1992.nc（已存在）
2026-09-29 22:19:01 INFO    跳过 z500_1993.nc（已存在）
2026-09-29 22:19:01 INFO    跳过 z500_1994.nc（已存在）
2026-09-29 22:19:01 INFO    跳过 z500_1995.nc（已存在）
2026-09-29 22:19:01 INFO    跳过 z500_1996.nc（已存在）
2026-09-29 22:19:01 INFO    跳过 z500_1997.nc（已存在）
2026-09-29 22:19:01 INFO    跳过 z500_1998.nc（已存在）
2026-09-29 22:19:01 INFO    跳过 z500_1999.nc（已存在）
2026-09-29 22:19:01 INFO    跳过 z500_2000.nc（已存在）
2026-09-29 22:22:28 INFO    z500  源=planette  年=1981-2025  月=[5, 6, 7, 8]
2026-09-29 22:22:33 INFO    跳过 z500_1981.nc（已存在）
2026-09-29 22:22:33 INFO    跳过 z500_1982.nc（已存在）
2026-09-29 22:22:33 INFO    跳过 z500_1983.nc（已存在）
2026-09-29 22:22:33 INFO    跳过 z500_1984.nc（已存在）
2026-09-29 22:22:33 INFO    跳过 z500_1985.nc（已存在）
2026-09-29 22:22:33 INFO    跳过 z500_1986.nc（已存在）
2026-09-29 22:22:33 INFO    跳过 z500_1987.nc（已存在）
2026-09-29 22:22:33 INFO    跳过 z500_1988.nc（已存在）
2026-09-29 22:22:33 INFO    跳过 z500_1989.nc（已存在）
2026-09-29 22:22:33 INFO    跳过 z500_1990.nc（已存在）
2026-09-29 22:22:33 INFO    跳过 z500_1991.nc（已存在）
2026-09-29 22:22:33 INFO    跳过 z500_1992.nc（已存在）
2026-09-29 22:22:33 INFO    跳过 z500_1993.nc（已存在）
2026-09-29 22:22:33 INFO    跳过 z500_1994.nc（已存在）
2026-09-29 22:22:33 INFO    跳过 z500_1995.nc（已存在）
2026-09-29 22:22:33 INFO    跳过 z500_1996.nc（已存在）
2026-09-29 22:22:33 INFO    跳过 z500_1997.nc（已存在）
2026-09-29 22:22:33 INFO    跳过 z500_1998.nc（已存在）
2026-09-29 22:22:33 INFO    跳过 z500_1999.nc（已存在）
2026-09-29 22:22:33 INFO    跳过 z500_2000.nc（已存在）
2026-09-29 22:24:33 INFO    写出 z500_2001.nc  (35.0 MB, 123 天)
2026-09-29 22:25:18 INFO    写出 z500_2002.nc  (34.9 MB, 123 天)
2026-09-29 22:26:15 INFO    写出 z500_2003.nc  (34.9 MB, 123 天)
2026-09-29 22:27:00 INFO    写出 z500_2004.nc  (35.2 MB, 123 天)
2026-09-29 22:27:44 INFO    写出 z500_2005.nc  (34.9 MB, 123 天)
2026-09-29 22:30:24 INFO    写出 z500_2006.nc  (35.0 MB, 123 天)
2026-09-29 22:31:07 INFO    写出 z500_2007.nc  (35.0 MB, 123 天)
2026-09-29 22:31:57 INFO    写出 z500_2008.nc  (34.9 MB, 123 天)
2026-09-29 22:32:54 INFO    写出 z500_2009.nc  (35.1 MB, 123 天)
2026-09-29 22:33:39 INFO    写出 z500_2010.nc  (35.0 MB, 123 天)
2026-09-29 22:34:31 INFO    写出 z500_2011.nc  (35.0 MB, 123 天)
2026-09-29 22:35:16 INFO    写出 z500_2012.nc  (35.1 MB, 123 天)
2026-09-29 22:35:57 INFO    写出 z500_2013.nc  (35.0 MB, 123 天)
2026-09-29 22:36:43 INFO    写出 z500_2014.nc  (35.0 MB, 123 天)
2026-09-29 22:37:25 INFO    写出 z500_2015.nc  (35.1 MB, 123 天)
2026-09-29 22:38:09 INFO    写出 z500_2016.nc  (35.1 MB, 123 天)
2026-09-29 22:39:03 INFO    写出 z500_2017.nc  (35.0 MB, 123 天)
2026-09-29 22:39:59 INFO    写出 z500_2018.nc  (35.0 MB, 123 天)
2026-09-29 22:41:18 INFO    写出 z500_2019.nc  (35.1 MB, 123 天)
2026-09-29 22:42:10 INFO    写出 z500_2020.nc  (35.0 MB, 123 天)
2026-09-29 22:42:53 INFO    写出 z500_2021.nc  (35.0 MB, 123 天)
2026-09-29 22:43:34 INFO    写出 z500_2022.nc  (35.1 MB, 123 天)
2026-09-29 22:44:18 INFO    写出 z500_2023.nc  (35.1 MB, 123 天)
2026-09-29 22:44:59 INFO    写出 z500_2024.nc  (35.1 MB, 123 天)
2026-09-29 22:45:40 INFO    写出 z500_2025.nc  (35.1 MB, 123 天)
2026-09-29 22:45:41 INFO    完成：新下载 25，跳过 20，失败 0
2026-09-30 09:01:14 INFO    swvl1  源=openmeteo  年=1981-2025  月=[5, 6, 7, 8]
2026-09-30 09:01:50 INFO    写出 swvl1_1981.nc  (0.1 MB, 123 天)
2026-09-30 09:02:29 INFO    写出 swvl1_1982.nc  (0.1 MB, 123 天)
2026-09-30 09:03:05 INFO    写出 swvl1_1983.nc  (0.1 MB, 123 天)
2026-09-30 09:03:40 INFO    写出 swvl1_1984.nc  (0.1 MB, 123 天)
2026-09-30 09:04:15 INFO    写出 swvl1_1985.nc  (0.1 MB, 123 天)
2026-09-30 09:06:34 INFO    写出 swvl1_1986.nc  (0.1 MB, 123 天)
2026-09-30 09:07:19 INFO    写出 swvl1_1987.nc  (0.1 MB, 123 天)
2026-09-30 09:07:48 INFO    写出 swvl1_1988.nc  (0.1 MB, 123 天)
2026-09-30 09:08:22 INFO    写出 swvl1_1989.nc  (0.1 MB, 123 天)
2026-09-30 09:08:51 INFO    写出 swvl1_1990.nc  (0.1 MB, 123 天)
2026-09-30 09:09:26 INFO    写出 swvl1_1991.nc  (0.1 MB, 123 天)
2026-09-30 09:09:54 INFO    写出 swvl1_1992.nc  (0.1 MB, 123 天)
2026-09-30 09:10:49 INFO    写出 swvl1_1993.nc  (0.1 MB, 123 天)
2026-09-30 09:11:17 INFO    写出 swvl1_1994.nc  (0.1 MB, 123 天)
2026-09-30 09:11:46 INFO    写出 swvl1_1995.nc  (0.1 MB, 123 天)
2026-09-30 09:12:22 INFO    写出 swvl1_1996.nc  (0.1 MB, 123 天)
2026-09-30 09:12:50 INFO    写出 swvl1_1997.nc  (0.1 MB, 123 天)
2026-09-30 09:13:25 INFO    写出 swvl1_1998.nc  (0.1 MB, 123 天)
2026-09-30 09:13:55 INFO    写出 swvl1_1999.nc  (0.1 MB, 123 天)
2026-09-30 09:14:30 INFO    写出 swvl1_2000.nc  (0.1 MB, 123 天)
2026-09-30 09:15:38 ERROR   2001 失败：下载失败: https://archive-api.open-meteo.com/v1/archive
2026-09-30 09:16:33 ERROR   2002 失败：下载失败: https://archive-api.open-meteo.com/v1/archive
2026-09-30 09:17:17 INFO    swvl1  源=openmeteo  年=1981-1982  月=[5, 6, 7, 8]
2026-09-30 09:17:28 ERROR   2003 失败：下载失败: https://archive-api.open-meteo.com/v1/archive
2026-09-30 09:17:29 INFO    d2m  源=openmeteo  年=1981-2025  月=[5, 6, 7, 8]
2026-09-30 09:17:54 INFO    d2m  源=openmeteo  年=1981-2025  月=[5, 6, 7, 8]
2026-09-30 09:17:54 INFO    d2m  源=openmeteo  年=1981-2025  月=[5, 6, 7, 8]
2026-09-30 09:18:23 ERROR   2004 失败：下载失败: https://archive-api.open-meteo.com/v1/archive
2026-09-30 09:18:48 ERROR   失败：下载失败: https://archive-api.open-meteo.com/v1/archive
2026-09-30 09:18:48 ERROR   若提示 Network is unreachable，说明当前环境连不到该主机；请在你自己能上网的终端里重跑。
2026-09-30 09:18:49 INFO    swvl1  源=openmeteo  年=1981-2025  月=[5, 6, 7, 8]
2026-09-30 09:19:17 ERROR   2005 失败：下载失败: https://archive-api.open-meteo.com/v1/archive
2026-09-30 09:19:44 ERROR   失败：下载失败: https://archive-api.open-meteo.com/v1/archive
2026-09-30 09:19:44 ERROR   若提示 Network is unreachable，说明当前环境连不到该主机；请在你自己能上网的终端里重跑。
2026-09-30 09:20:12 ERROR   2006 失败：下载失败: https://archive-api.open-meteo.com/v1/archive
2026-09-30 09:21:02 INFO    写出 swvl1_2007.nc  (0.1 MB, 123 天)
2026-09-30 09:22:09 INFO    d2m  源=openmeteo  年=1981-2025  月=[5, 6, 7, 8]
2026-09-30 09:22:42 INFO    写出 d2m_1981.nc  (0.1 MB, 123 天)
2026-09-30 09:23:16 INFO    写出 d2m_1982.nc  (0.1 MB, 123 天)
2026-09-30 09:23:51 INFO    写出 d2m_1983.nc  (0.1 MB, 123 天)
2026-09-30 09:24:24 INFO    写出 d2m_1984.nc  (0.1 MB, 123 天)
2026-09-30 09:24:57 INFO    ssrd  源=openmeteo  年=1981-2025  月=[5, 6, 7, 8]
2026-09-30 09:24:57 INFO    slhtf  源=openmeteo  年=1981-2025  月=[5, 6, 7, 8]
2026-09-30 09:24:58 INFO    写出 d2m_1985.nc  (0.1 MB, 123 天)
2026-09-30 09:25:08 INFO    swvl1  源=openmeteo  年=1981-2025  月=[5, 6, 7, 8]
2026-09-30 09:25:09 INFO    tp  源=openmeteo  年=1981-2025  月=[5, 6, 7, 8]
2026-09-30 09:25:10 INFO    d2m  源=openmeteo  年=1981-2025  月=[5, 6, 7, 8]
2026-09-30 09:25:11 INFO    ssrd  源=openmeteo  年=1981-2025  月=[5, 6, 7, 8]
2026-09-30 09:25:12 INFO    slhtf  源=openmeteo  年=1981-2025  月=[5, 6, 7, 8]
2026-09-30 09:25:31 INFO    写出 d2m_1986.nc  (0.1 MB, 123 天)
2026-09-30 09:26:04 INFO    写出 d2m_1987.nc  (0.1 MB, 123 天)
2026-09-30 09:26:37 INFO    写出 d2m_1988.nc  (0.1 MB, 123 天)
2026-09-30 09:27:10 INFO    写出 d2m_1989.nc  (0.1 MB, 123 天)
2026-09-30 09:27:44 INFO    写出 d2m_1990.nc  (0.1 MB, 123 天)
2026-09-30 09:28:19 INFO    写出 d2m_1991.nc  (0.1 MB, 123 天)
2026-09-30 09:28:53 INFO    写出 d2m_1992.nc  (0.1 MB, 123 天)
2026-09-30 09:30:14 ERROR   1993 失败：下载失败: https://archive-api.open-meteo.com/v1/archive
2026-09-30 09:31:09 ERROR   1994 失败：下载失败: https://archive-api.open-meteo.com/v1/archive
2026-09-30 09:32:04 ERROR   1995 失败：下载失败: https://archive-api.open-meteo.com/v1/archive
2026-09-30 09:32:58 ERROR   1996 失败：下载失败: https://archive-api.open-meteo.com/v1/archive
2026-09-30 09:33:53 ERROR   1997 失败：下载失败: https://archive-api.open-meteo.com/v1/archive
2026-09-30 09:34:48 ERROR   1998 失败：下载失败: https://archive-api.open-meteo.com/v1/archive
2026-09-30 09:35:43 ERROR   1999 失败：下载失败: https://archive-api.open-meteo.com/v1/archive
2026-09-30 09:36:38 ERROR   2000 失败：下载失败: https://archive-api.open-meteo.com/v1/archive
2026-09-30 09:37:32 ERROR   2001 失败：下载失败: https://archive-api.open-meteo.com/v1/archive
2026-09-30 09:38:27 ERROR   2002 失败：下载失败: https://archive-api.open-meteo.com/v1/archive
2026-09-30 09:39:22 ERROR   2003 失败：下载失败: https://archive-api.open-meteo.com/v1/archive
2026-09-30 09:40:16 ERROR   2004 失败：下载失败: https://archive-api.open-meteo.com/v1/archive
2026-09-30 09:41:11 ERROR   2005 失败：下载失败: https://archive-api.open-meteo.com/v1/archive
2026-09-30 09:42:05 ERROR   2006 失败：下载失败: https://archive-api.open-meteo.com/v1/archive
2026-09-30 09:43:00 ERROR   2007 失败：下载失败: https://archive-api.open-meteo.com/v1/archive
2026-09-30 09:43:54 ERROR   2008 失败：下载失败: https://archive-api.open-meteo.com/v1/archive
2026-09-30 09:44:49 ERROR   2009 失败：下载失败: https://archive-api.open-meteo.com/v1/archive
2026-09-30 10:01:49 INFO    swvl1  源=openmeteo  年=1981-2025  月=[5, 6, 7, 8]
2026-09-30 10:01:49 INFO    跳过 swvl1_1981.nc（已存在）
2026-09-30 10:01:49 INFO    跳过 swvl1_1982.nc（已存在）
2026-09-30 10:01:49 INFO    跳过 swvl1_1983.nc（已存在）
2026-09-30 10:01:49 INFO    跳过 swvl1_1984.nc（已存在）
2026-09-30 10:01:49 INFO    跳过 swvl1_1985.nc（已存在）
2026-09-30 10:01:49 INFO    跳过 swvl1_1986.nc（已存在）
2026-09-30 10:01:49 INFO    跳过 swvl1_1987.nc（已存在）
2026-09-30 10:01:49 INFO    跳过 swvl1_1988.nc（已存在）
2026-09-30 10:01:49 INFO    跳过 swvl1_1989.nc（已存在）
2026-09-30 10:01:49 INFO    跳过 swvl1_1990.nc（已存在）
2026-09-30 10:01:49 INFO    跳过 swvl1_1991.nc（已存在）
2026-09-30 10:01:49 INFO    跳过 swvl1_1992.nc（已存在）
2026-09-30 10:01:49 INFO    跳过 swvl1_1993.nc（已存在）
2026-09-30 10:01:49 INFO    跳过 swvl1_1994.nc（已存在）
2026-09-30 10:01:49 INFO    跳过 swvl1_1995.nc（已存在）
2026-09-30 10:01:49 INFO    跳过 swvl1_1996.nc（已存在）
2026-09-30 10:01:49 INFO    跳过 swvl1_1997.nc（已存在）
2026-09-30 10:01:49 INFO    跳过 swvl1_1998.nc（已存在）
2026-09-30 10:01:49 INFO    跳过 swvl1_1999.nc（已存在）
2026-09-30 10:01:49 INFO    跳过 swvl1_2000.nc（已存在）
2026-09-30 10:19:44 INFO    u850  源=planette  年=1981-2025  月=[5, 6, 7, 8]
2026-09-30 10:19:44 INFO    v850  源=planette  年=1981-2025  月=[5, 6, 7, 8]
2026-09-30 10:20:33 INFO    tp  源=openmeteo  年=1981-2025  月=[5, 6, 7, 8]
2026-09-30 10:20:33 INFO    swvl1  源=openmeteo  年=1981-2025  月=[5, 6, 7, 8]
2026-09-30 10:20:33 INFO    d2m  源=openmeteo  年=1981-2025  月=[5, 6, 7, 8]
2026-09-30 10:20:34 INFO    ssrd  源=openmeteo  年=1981-2025  月=[5, 6, 7, 8]
2026-09-30 10:20:34 INFO    slhtf  源=openmeteo  年=1981-2025  月=[5, 6, 7, 8]
2026-09-30 10:20:34 INFO    z500  源=planette  年=1981-2025  月=[5, 6, 7, 8]
2026-09-30 10:20:35 INFO    z200  源=planette  年=1981-2025  月=[5, 6, 7, 8]
2026-09-30 10:20:35 INFO    t850  源=planette  年=1981-2025  月=[5, 6, 7, 8]
2026-09-30 10:20:35 INFO    u850  源=planette  年=1981-2025  月=[5, 6, 7, 8]
2026-09-30 10:20:36 INFO    v850  源=planette  年=1981-2025  月=[5, 6, 7, 8]
2026-09-30 10:20:44 INFO    z500  源=planette  年=1981-2025  月=[5, 6, 7, 8]
2026-09-30 10:20:54 INFO    u850  源=planette  年=1981-2025  月=[5, 6, 7, 8]
2026-09-30 10:32:15 INFO    tp  源=openmeteo  年=1981-2025  月=[5, 6, 7, 8]
2026-09-30 10:32:15 INFO    swvl1  源=openmeteo  年=1981-2025  月=[5, 6, 7, 8]
2026-09-30 10:32:16 INFO    d2m  源=openmeteo  年=1981-2025  月=[5, 6, 7, 8]
2026-09-30 10:32:16 INFO    ssrd  源=openmeteo  年=1981-2025  月=[5, 6, 7, 8]
2026-09-30 10:32:17 INFO    slhtf  源=openmeteo  年=1981-2025  月=[5, 6, 7, 8]
2026-09-30 10:32:17 INFO    z500  源=planette  年=1981-2025  月=[5, 6, 7, 8]
2026-09-30 10:32:18 INFO    z200  源=planette  年=1981-2025  月=[5, 6, 7, 8]
2026-09-30 10:32:18 INFO    t850  源=planette  年=1981-2025  月=[5, 6, 7, 8]
2026-09-30 10:32:18 INFO    u850  源=planette  年=1981-2025  月=[5, 6, 7, 8]
2026-09-30 10:32:19 INFO    v850  源=planette  年=1981-2025  月=[5, 6, 7, 8]
2026-09-30 10:32:36 INFO    tp  源=openmeteo  年=1981-2025  月=[5, 6, 7, 8]
2026-09-30 10:32:37 INFO    swvl1  源=openmeteo  年=1981-2025  月=[5, 6, 7, 8]
2026-09-30 10:32:37 INFO    d2m  源=openmeteo  年=1981-2025  月=[5, 6, 7, 8]
2026-09-30 10:32:38 INFO    ssrd  源=openmeteo  年=1981-2025  月=[5, 6, 7, 8]
2026-09-30 10:32:38 INFO    slhtf  源=openmeteo  年=1981-2025  月=[5, 6, 7, 8]
2026-09-30 10:32:39 INFO    z500  源=planette  年=1981-2025  月=[5, 6, 7, 8]
2026-09-30 10:32:39 INFO    z200  源=planette  年=1981-2025  月=[5, 6, 7, 8]
2026-09-30 10:32:40 INFO    t850  源=planette  年=1981-2025  月=[5, 6, 7, 8]
2026-09-30 10:32:40 INFO    u850  源=planette  年=1981-2025  月=[5, 6, 7, 8]
2026-09-30 10:32:40 INFO    v850  源=planette  年=1981-2025  月=[5, 6, 7, 8]
2026-09-30 10:32:41 INFO    slhtf  源=openmeteo  年=1981-2025  月=[3, 4, 5, 6, 7, 8]
2026-09-30 10:33:55 INFO    tp  源=openmeteo  年=1981-2025  月=[5, 6, 7, 8]
2026-09-30 10:33:56 INFO    swvl1  源=openmeteo  年=1981-2025  月=[5, 6, 7, 8]
2026-09-30 10:33:57 INFO    d2m  源=openmeteo  年=1981-2025  月=[5, 6, 7, 8]
2026-09-30 10:33:57 INFO    ssrd  源=openmeteo  年=1981-2025  月=[5, 6, 7, 8]
2026-09-30 10:33:58 INFO    slhtf  源=openmeteo  年=1981-2025  月=[5, 6, 7, 8]
2026-09-30 10:33:59 INFO    z500  源=planette  年=1981-2025  月=[5, 6, 7, 8]
2026-09-30 10:34:00 INFO    z200  源=planette  年=1981-2025  月=[5, 6, 7, 8]
2026-09-30 10:34:00 INFO    t850  源=planette  年=1981-2025  月=[5, 6, 7, 8]
2026-09-30 10:34:01 INFO    u850  源=planette  年=1981-2025  月=[5, 6, 7, 8]
2026-09-30 10:34:02 INFO    v850  源=planette  年=1981-2025  月=[5, 6, 7, 8]
2026-09-30 10:34:11 INFO    tp  源=openmeteo  年=1981-2025  月=[5, 6, 7, 8]
2026-09-30 10:34:12 INFO    swvl1  源=openmeteo  年=1981-2025  月=[5, 6, 7, 8]
2026-09-30 10:34:13 INFO    d2m  源=openmeteo  年=1981-2025  月=[5, 6, 7, 8]
2026-09-30 10:34:14 INFO    ssrd  源=openmeteo  年=1981-2025  月=[5, 6, 7, 8]
2026-09-30 10:34:15 INFO    slhtf  源=openmeteo  年=1981-2025  月=[5, 6, 7, 8]
2026-09-30 10:34:15 INFO    z500  源=planette  年=1981-2025  月=[5, 6, 7, 8]
2026-09-30 10:34:16 INFO    z200  源=planette  年=1981-2025  月=[5, 6, 7, 8]
2026-09-30 10:34:17 INFO    t850  源=planette  年=1981-2025  月=[5, 6, 7, 8]
2026-09-30 10:34:18 INFO    u850  源=planette  年=1981-2025  月=[5, 6, 7, 8]
2026-09-30 10:34:18 INFO    v850  源=planette  年=1981-2025  月=[5, 6, 7, 8]
2026-09-30 10:34:30 INFO    slhtf  源=openmeteo  年=1981-2025  月=[5, 6, 7, 8]
2026-09-30 10:34:40 INFO    u850  源=planette  年=1981-2025  月=[5, 6, 7, 8]
2026-09-30 10:34:41 INFO    v850  源=planette  年=1981-2025  月=[5, 6, 7, 8]
2026-09-30 10:49:00 INFO    d2m  源=openmeteo  年=1981-2025  月=[5, 6, 7, 8]
2026-09-30 10:49:00 INFO    跳过 d2m_1981.nc（已存在）
2026-09-30 10:49:00 INFO    跳过 d2m_1982.nc（已存在）
2026-09-30 10:49:00 INFO    跳过 d2m_1983.nc（已存在）
2026-09-30 10:49:00 INFO    跳过 d2m_1984.nc（已存在）
2026-09-30 10:49:00 INFO    跳过 d2m_1985.nc（已存在）
2026-09-30 10:49:00 INFO    跳过 d2m_1986.nc（已存在）
2026-09-30 10:49:00 INFO    跳过 d2m_1987.nc（已存在）
2026-09-30 10:49:00 INFO    跳过 d2m_1988.nc（已存在）
2026-09-30 10:49:00 INFO    跳过 d2m_1989.nc（已存在）
2026-09-30 10:49:00 INFO    跳过 d2m_1990.nc（已存在）
2026-09-30 10:49:00 INFO    跳过 d2m_1991.nc（已存在）
2026-09-30 10:49:00 INFO    跳过 d2m_1992.nc（已存在）
2026-09-30 11:11:57 INFO    d2m  源=openmeteo  年=1981-2025  月=[5, 6, 7, 8]
2026-09-30 11:11:57 INFO    跳过 d2m_1981.nc（已存在）
2026-09-30 11:11:57 INFO    跳过 d2m_1982.nc（已存在）
2026-09-30 11:11:57 INFO    跳过 d2m_1983.nc（已存在）
2026-09-30 11:11:57 INFO    跳过 d2m_1984.nc（已存在）
2026-09-30 11:11:57 INFO    跳过 d2m_1985.nc（已存在）
2026-09-30 11:11:57 INFO    跳过 d2m_1986.nc（已存在）
2026-09-30 11:11:57 INFO    跳过 d2m_1987.nc（已存在）
2026-09-30 11:11:57 INFO    跳过 d2m_1988.nc（已存在）
2026-09-30 11:11:57 INFO    跳过 d2m_1989.nc（已存在）
2026-09-30 11:11:57 INFO    跳过 d2m_1990.nc（已存在）
2026-09-30 11:11:57 INFO    跳过 d2m_1991.nc（已存在）
2026-09-30 11:11:57 INFO    跳过 d2m_1992.nc（已存在）
2026-09-30 13:26:55 INFO    d2m  源=openmeteo  年=1981-2025  月=[5, 6, 7, 8]
2026-09-30 13:26:55 INFO    跳过 d2m_1981.nc（已存在）
2026-09-30 13:26:55 INFO    跳过 d2m_1982.nc（已存在）
2026-09-30 13:26:55 INFO    跳过 d2m_1983.nc（已存在）
2026-09-30 13:26:55 INFO    跳过 d2m_1984.nc（已存在）
2026-09-30 13:26:55 INFO    跳过 d2m_1985.nc（已存在）
2026-09-30 13:26:55 INFO    跳过 d2m_1986.nc（已存在）
2026-09-30 13:26:55 INFO    跳过 d2m_1987.nc（已存在）
2026-09-30 13:26:55 INFO    跳过 d2m_1988.nc（已存在）
2026-09-30 13:26:55 INFO    跳过 d2m_1989.nc（已存在）
2026-09-30 13:26:55 INFO    跳过 d2m_1990.nc（已存在）
2026-09-30 13:26:55 INFO    跳过 d2m_1991.nc（已存在）
2026-09-30 13:26:55 INFO    跳过 d2m_1992.nc（已存在）
2026-09-30 13:27:18 INFO    swvl1  源=openmeteo  年=1981-2025  月=[5, 6, 7, 8]
2026-09-30 13:27:18 INFO    跳过 swvl1_1981.nc（已存在）
2026-09-30 13:27:18 INFO    跳过 swvl1_1982.nc（已存在）
2026-09-30 13:27:18 INFO    跳过 swvl1_1983.nc（已存在）
2026-09-30 13:27:18 INFO    跳过 swvl1_1984.nc（已存在）
2026-09-30 13:27:18 INFO    跳过 swvl1_1985.nc（已存在）
2026-09-30 13:27:18 INFO    跳过 swvl1_1986.nc（已存在）
2026-09-30 13:27:18 INFO    跳过 swvl1_1987.nc（已存在）
2026-09-30 13:27:18 INFO    跳过 swvl1_1988.nc（已存在）
2026-09-30 13:27:18 INFO    跳过 swvl1_1989.nc（已存在）
2026-09-30 13:27:18 INFO    跳过 swvl1_1990.nc（已存在）
2026-09-30 13:27:18 INFO    跳过 swvl1_1991.nc（已存在）
2026-09-30 13:27:18 INFO    跳过 swvl1_1992.nc（已存在）
2026-09-30 13:27:18 INFO    跳过 swvl1_1993.nc（已存在）
2026-09-30 13:27:18 INFO    跳过 swvl1_1994.nc（已存在）
2026-09-30 13:27:18 INFO    跳过 swvl1_1995.nc（已存在）
2026-09-30 13:27:18 INFO    跳过 swvl1_1996.nc（已存在）
2026-09-30 13:27:18 INFO    跳过 swvl1_1997.nc（已存在）
2026-09-30 13:27:18 INFO    跳过 swvl1_1998.nc（已存在）
2026-09-30 13:27:18 INFO    跳过 swvl1_1999.nc（已存在）
2026-09-30 13:27:18 INFO    跳过 swvl1_2000.nc（已存在）
2026-09-30 13:48:30 INFO    swvl1  源=openmeteo  年=1981-2025  月=[5, 6, 7, 8]
2026-09-30 13:48:30 INFO    跳过 swvl1_1981.nc（已存在）
2026-09-30 13:48:30 INFO    跳过 swvl1_1982.nc（已存在）
2026-09-30 13:48:30 INFO    跳过 swvl1_1983.nc（已存在）
2026-09-30 13:48:30 INFO    跳过 swvl1_1984.nc（已存在）
2026-09-30 13:48:30 INFO    跳过 swvl1_1985.nc（已存在）
2026-09-30 13:48:30 INFO    跳过 swvl1_1986.nc（已存在）
2026-09-30 13:48:30 INFO    跳过 swvl1_1987.nc（已存在）
2026-09-30 13:48:30 INFO    跳过 swvl1_1988.nc（已存在）
2026-09-30 13:48:30 INFO    跳过 swvl1_1989.nc（已存在）
2026-09-30 13:48:30 INFO    跳过 swvl1_1990.nc（已存在）
2026-09-30 13:48:30 INFO    跳过 swvl1_1991.nc（已存在）
2026-09-30 13:48:30 INFO    跳过 swvl1_1992.nc（已存在）
2026-09-30 13:48:30 INFO    跳过 swvl1_1993.nc（已存在）
2026-09-30 13:48:30 INFO    跳过 swvl1_1994.nc（已存在）
2026-09-30 13:48:30 INFO    跳过 swvl1_1995.nc（已存在）
2026-09-30 13:48:30 INFO    跳过 swvl1_1996.nc（已存在）
2026-09-30 13:48:30 INFO    跳过 swvl1_1997.nc（已存在）
2026-09-30 13:48:30 INFO    跳过 swvl1_1998.nc（已存在）
2026-09-30 13:48:30 INFO    跳过 swvl1_1999.nc（已存在）
2026-09-30 13:48:30 INFO    跳过 swvl1_2000.nc（已存在）
2026-09-30 13:48:35 INFO    d2m  源=openmeteo  年=1981-2025  月=[5, 6, 7, 8]
2026-09-30 13:48:35 INFO    跳过 d2m_1981.nc（已存在）
2026-09-30 13:48:35 INFO    跳过 d2m_1982.nc（已存在）
2026-09-30 13:48:35 INFO    跳过 d2m_1983.nc（已存在）
2026-09-30 13:48:35 INFO    跳过 d2m_1984.nc（已存在）
2026-09-30 13:48:35 INFO    跳过 d2m_1985.nc（已存在）
2026-09-30 13:48:35 INFO    跳过 d2m_1986.nc（已存在）
2026-09-30 13:48:35 INFO    跳过 d2m_1987.nc（已存在）
2026-09-30 13:48:35 INFO    跳过 d2m_1988.nc（已存在）
2026-09-30 13:48:35 INFO    跳过 d2m_1989.nc（已存在）
2026-09-30 13:48:35 INFO    跳过 d2m_1990.nc（已存在）
2026-09-30 13:48:35 INFO    跳过 d2m_1991.nc（已存在）
2026-09-30 13:48:35 INFO    跳过 d2m_1992.nc（已存在）
2026-09-30 14:26:26 INFO    z200  源=planette  年=1981-2025  月=[5, 6, 7, 8]
2026-09-30 14:28:45 INFO    写出 z200_1981.nc  (32.9 MB, 123 天)
2026-09-30 14:30:03 INFO    写出 z200_1982.nc  (33.1 MB, 123 天)
2026-09-30 14:31:02 INFO    写出 z200_1983.nc  (33.0 MB, 123 天)
2026-09-30 14:31:58 INFO    写出 z200_1984.nc  (32.8 MB, 123 天)
2026-09-30 14:33:01 INFO    写出 z200_1985.nc  (32.9 MB, 123 天)
2026-09-30 14:33:54 INFO    写出 z200_1986.nc  (33.0 MB, 123 天)
2026-09-30 14:34:27 INFO    写出 z200_1987.nc  (33.1 MB, 123 天)
2026-09-30 14:35:02 INFO    写出 z200_1988.nc  (32.9 MB, 123 天)
2026-09-30 14:36:36 INFO    写出 z200_1989.nc  (33.0 MB, 123 天)
2026-09-30 14:37:15 INFO    写出 z200_1990.nc  (33.0 MB, 123 天)
2026-09-30 14:38:08 INFO    写出 z200_1991.nc  (33.0 MB, 123 天)
2026-09-30 14:39:06 INFO    写出 z200_1992.nc  (33.0 MB, 123 天)
2026-09-30 14:39:47 INFO    写出 z200_1993.nc  (32.9 MB, 123 天)
2026-09-30 14:40:27 INFO    写出 z200_1994.nc  (33.0 MB, 123 天)
2026-09-30 14:41:06 INFO    写出 z200_1995.nc  (33.0 MB, 123 天)
2026-09-30 14:41:45 INFO    写出 z200_1996.nc  (32.8 MB, 123 天)
2026-09-30 14:42:24 INFO    写出 z200_1997.nc  (33.0 MB, 123 天)
2026-09-30 14:43:04 INFO    写出 z200_1998.nc  (33.1 MB, 123 天)
2026-09-30 14:43:45 INFO    写出 z200_1999.nc  (32.9 MB, 123 天)
2026-09-30 14:43:46 INFO    swvl1  源=planette  年=1981-2025  月=[5, 6, 7, 8]
2026-09-30 14:43:46 INFO    d2m  源=planette  年=1981-2025  月=[5, 6, 7, 8]
2026-09-30 14:43:47 INFO    tp  源=planette  年=1981-2025  月=[5, 6, 7, 8]
2026-09-30 14:43:53 INFO    d2m  源=planette  年=1981-1981  月=[5, 6, 7, 8]
2026-09-30 14:44:54 INFO    写出 z200_2000.nc  (33.0 MB, 123 天)
2026-09-30 14:45:05 INFO    写出 d2m_1981.nc  (0.3 MB, 123 天)
2026-09-30 14:45:07 INFO    tp  源=planette  年=1981-1981  月=[5, 6, 7, 8]
2026-09-30 14:46:01 INFO    写出 z200_2001.nc  (33.0 MB, 123 天)
2026-09-30 14:46:17 INFO    写出 tp_1981.nc  (0.4 MB, 123 天)
2026-09-30 14:46:47 INFO    写出 z200_2002.nc  (32.9 MB, 123 天)
2026-09-30 14:46:57 INFO    swvl1  源=planette  年=1981-1981  月=[5, 6, 7, 8]
2026-09-30 14:47:46 INFO    写出 z200_2003.nc  (32.9 MB, 123 天)
2026-09-30 14:47:47 INFO    写出 swvl1_1981.nc  (0.5 MB, 123 天)
2026-09-30 14:47:50 INFO    swvl1  源=planette  年=1981-2025  月=[5, 6, 7, 8]
2026-09-30 14:47:51 INFO    d2m  源=planette  年=1981-2025  月=[5, 6, 7, 8]
2026-09-30 14:47:52 INFO    tp  源=planette  年=1981-2025  月=[5, 6, 7, 8]
2026-09-30 14:47:53 INFO    z500  源=planette  年=1981-2025  月=[5, 6, 7, 8]
2026-09-30 14:47:54 INFO    z200  源=planette  年=1981-2025  月=[5, 6, 7, 8]
2026-09-30 14:47:55 INFO    t850  源=planette  年=1981-2025  月=[5, 6, 7, 8]
2026-09-30 14:47:56 INFO    u850  源=planette  年=1981-2025  月=[5, 6, 7, 8]
2026-09-30 14:47:57 INFO    v850  源=planette  年=1981-2025  月=[5, 6, 7, 8]
2026-09-30 14:47:58 INFO    ssrd  源=openmeteo  年=1981-2025  月=[5, 6, 7, 8]
2026-09-30 14:47:59 INFO    slhtf  源=openmeteo  年=1981-2025  月=[5, 6, 7, 8]
2026-09-30 14:48:26 INFO    写出 z200_2004.nc  (33.1 MB, 123 天)
2026-09-30 14:49:22 INFO    写出 z200_2005.nc  (33.0 MB, 123 天)
2026-09-30 14:50:16 INFO    写出 z200_2006.nc  (33.0 MB, 123 天)
2026-09-30 14:50:59 INFO    写出 z200_2007.nc  (33.1 MB, 123 天)
2026-09-30 14:51:49 INFO    写出 z200_2008.nc  (33.1 MB, 123 天)
2026-09-30 14:52:40 INFO    写出 z200_2009.nc  (33.1 MB, 123 天)
2026-09-30 14:53:30 INFO    写出 z200_2010.nc  (33.2 MB, 123 天)
2026-09-30 14:54:18 INFO    写出 z200_2011.nc  (33.0 MB, 123 天)
2026-09-30 14:55:09 INFO    写出 z200_2012.nc  (33.1 MB, 123 天)
2026-09-30 14:55:58 INFO    写出 z200_2013.nc  (33.0 MB, 123 天)
2026-09-30 14:56:47 INFO    写出 z200_2014.nc  (33.0 MB, 123 天)
2026-09-30 14:56:51 INFO    tp  源=planette  年=1981-2025  月=[5, 6, 7, 8]
2026-09-30 14:57:01 INFO    跳过 tp_1981.nc（已存在）
2026-09-30 14:57:37 INFO    swvl1  源=planette  年=1981-2025  月=[5, 6, 7, 8]
2026-09-30 14:57:46 INFO    跳过 swvl1_1981.nc（已存在）
2026-09-30 14:57:46 INFO    跳过 swvl1_1982.nc（已存在）
2026-09-30 14:57:46 INFO    跳过 swvl1_1983.nc（已存在）
2026-09-30 14:57:46 INFO    跳过 swvl1_1984.nc（已存在）
2026-09-30 14:57:46 INFO    跳过 swvl1_1985.nc（已存在）
2026-09-30 14:57:46 INFO    跳过 swvl1_1986.nc（已存在）
2026-09-30 14:57:46 INFO    跳过 swvl1_1987.nc（已存在）
2026-09-30 14:57:46 INFO    跳过 swvl1_1988.nc（已存在）
2026-09-30 14:57:46 INFO    跳过 swvl1_1989.nc（已存在）
2026-09-30 14:57:46 INFO    跳过 swvl1_1990.nc（已存在）
2026-09-30 14:57:46 INFO    跳过 swvl1_1991.nc（已存在）
2026-09-30 14:57:46 INFO    跳过 swvl1_1992.nc（已存在）
2026-09-30 14:57:46 INFO    跳过 swvl1_1993.nc（已存在）
2026-09-30 14:57:46 INFO    跳过 swvl1_1994.nc（已存在）
2026-09-30 14:57:46 INFO    跳过 swvl1_1995.nc（已存在）
2026-09-30 14:57:46 INFO    跳过 swvl1_1996.nc（已存在）
2026-09-30 14:57:46 INFO    跳过 swvl1_1997.nc（已存在）
2026-09-30 14:57:46 INFO    跳过 swvl1_1998.nc（已存在）
2026-09-30 14:57:46 INFO    跳过 swvl1_1999.nc（已存在）
2026-09-30 14:57:46 INFO    跳过 swvl1_2000.nc（已存在）
2026-09-30 14:58:21 INFO    写出 z200_2015.nc  (33.0 MB, 123 天)
2026-09-30 14:58:22 INFO    d2m  源=planette  年=1981-2025  月=[5, 6, 7, 8]
2026-09-30 14:58:25 INFO    写出 tp_1982.nc  (0.5 MB, 123 天)
2026-09-30 14:58:46 INFO    跳过 d2m_1981.nc（已存在）
2026-09-30 14:58:46 INFO    跳过 d2m_1982.nc（已存在）
2026-09-30 14:58:46 INFO    跳过 d2m_1983.nc（已存在）
2026-09-30 14:58:46 INFO    跳过 d2m_1984.nc（已存在）
2026-09-30 14:58:46 INFO    跳过 d2m_1985.nc（已存在）
2026-09-30 14:58:46 INFO    跳过 d2m_1986.nc（已存在）
2026-09-30 14:58:46 INFO    跳过 d2m_1987.nc（已存在）
2026-09-30 14:58:46 INFO    跳过 d2m_1988.nc（已存在）
2026-09-30 14:58:46 INFO    跳过 d2m_1989.nc（已存在）
2026-09-30 14:58:46 INFO    跳过 d2m_1990.nc（已存在）
2026-09-30 14:58:46 INFO    跳过 d2m_1991.nc（已存在）
2026-09-30 14:58:46 INFO    跳过 d2m_1992.nc（已存在）
2026-09-30 14:59:09 INFO    t850  源=planette  年=1981-2025  月=[5, 6, 7, 8]
2026-09-30 15:00:52 INFO    写出 d2m_1993.nc  (0.3 MB, 123 天)
2026-09-30 15:00:53 INFO    写出 swvl1_2001.nc  (0.5 MB, 123 天)
2026-09-30 15:01:29 INFO    写出 t850_1981.nc  (39.6 MB, 123 天)
2026-09-30 15:02:17 INFO    u850  源=planette  年=1981-2025  月=[5, 6, 7, 8]
2026-09-30 15:02:26 INFO    v850  源=planette  年=1981-2025  月=[5, 6, 7, 8]
2026-09-30 15:03:48 INFO    写出 z200_2016.nc  (33.1 MB, 123 天)
2026-09-30 15:03:50 INFO    写出 d2m_1994.nc  (0.3 MB, 123 天)
2026-09-30 15:05:13 INFO    写出 d2m_1995.nc  (0.3 MB, 123 天)
2026-09-30 15:05:23 INFO    写出 tp_1983.nc  (0.5 MB, 123 天)
2026-09-30 15:05:50 INFO    写出 swvl1_2002.nc  (0.5 MB, 123 天)
2026-09-30 15:06:55 INFO    写出 d2m_1996.nc  (0.3 MB, 123 天)
2026-09-30 15:06:58 INFO    写出 tp_1984.nc  (0.5 MB, 123 天)
2026-09-30 15:07:00 INFO    写出 z200_2017.nc  (32.9 MB, 123 天)
2026-09-30 15:07:00 INFO    写出 t850_1982.nc  (39.7 MB, 123 天)
2026-09-30 15:07:50 INFO    写出 swvl1_2003.nc  (0.5 MB, 123 天)
2026-09-30 15:08:56 INFO    写出 u850_1981.nc  (59.1 MB, 123 天)
2026-09-30 15:09:32 INFO    写出 d2m_1997.nc  (0.3 MB, 123 天)
2026-09-30 15:09:33 INFO    写出 tp_1985.nc  (0.5 MB, 123 天)
2026-09-30 15:09:33 INFO    写出 z200_2018.nc  (33.0 MB, 123 天)
2026-09-30 15:09:34 INFO    写出 t850_1983.nc  (39.6 MB, 123 天)
2026-09-30 15:10:18 INFO    写出 swvl1_2004.nc  (0.5 MB, 123 天)
2026-09-30 15:12:43 INFO    写出 v850_1981.nc  (60.7 MB, 123 天)
2026-09-30 15:13:01 INFO    写出 z200_2019.nc  (33.1 MB, 123 天)
2026-09-30 15:13:19 INFO    写出 swvl1_2005.nc  (0.5 MB, 123 天)
2026-09-30 15:13:24 INFO    写出 u850_1982.nc  (59.2 MB, 123 天)
2026-09-30 15:15:36 INFO    写出 d2m_1998.nc  (0.3 MB, 123 天)
2026-09-30 15:15:49 INFO    写出 t850_1984.nc  (39.6 MB, 123 天)
2026-09-30 15:16:15 INFO    写出 tp_1986.nc  (0.4 MB, 123 天)
2026-09-30 15:16:24 INFO    写出 swvl1_2006.nc  (0.5 MB, 123 天)
2026-09-30 15:16:25 INFO    跳过 swvl1_2007.nc（已存在）
2026-09-30 15:19:29 INFO    写出 tp_1987.nc  (0.5 MB, 123 天)
2026-09-30 15:19:38 INFO    写出 swvl1_2008.nc  (0.5 MB, 123 天)
2026-09-30 15:21:19 INFO    写出 t850_1985.nc  (39.7 MB, 123 天)
2026-09-30 15:21:54 INFO    写出 tp_1988.nc  (0.5 MB, 123 天)
2026-09-30 15:21:59 INFO    写出 swvl1_2009.nc  (0.5 MB, 123 天)
2026-09-30 15:22:02 INFO    写出 u850_1983.nc  (59.0 MB, 123 天)
2026-09-30 15:22:51 INFO    写出 d2m_1999.nc  (0.3 MB, 123 天)
2026-09-30 15:22:54 INFO    写出 z200_2020.nc  (32.9 MB, 123 天)
2026-09-30 15:25:32 INFO    写出 t850_1986.nc  (39.7 MB, 123 天)
2026-09-30 15:26:14 INFO    写出 t850_1987.nc  (39.7 MB, 123 天)
2026-09-30 15:27:08 INFO    写出 t850_1988.nc  (39.7 MB, 123 天)
2026-09-30 15:27:22 INFO    写出 swvl1_2010.nc  (0.5 MB, 123 天)
2026-09-30 15:30:01 INFO    写出 t850_1989.nc  (39.6 MB, 123 天)
2026-09-30 15:30:03 INFO    写出 d2m_2000.nc  (0.3 MB, 123 天)
2026-09-30 15:30:04 INFO    写出 tp_1989.nc  (0.5 MB, 123 天)
2026-09-30 15:30:05 INFO    写出 swvl1_2011.nc  (0.5 MB, 123 天)
2026-09-30 15:30:05 INFO    写出 z200_2021.nc  (33.0 MB, 123 天)
2026-09-30 15:30:05 INFO    写出 v850_1982.nc  (60.7 MB, 123 天)
2026-09-30 15:30:06 INFO    写出 u850_1984.nc  (59.0 MB, 123 天)
2026-09-30 15:36:17 INFO    写出 d2m_2001.nc  (0.3 MB, 123 天)
2026-09-30 15:36:18 INFO    写出 t850_1990.nc  (39.8 MB, 123 天)
2026-09-30 15:38:58 INFO    写出 swvl1_2012.nc  (0.5 MB, 123 天)
2026-09-30 15:41:05 INFO    写出 tp_1990.nc  (0.4 MB, 123 天)
2026-09-30 15:43:06 INFO    写出 d2m_2002.nc  (0.3 MB, 123 天)
2026-09-30 15:43:22 INFO    写出 tp_1991.nc  (0.5 MB, 123 天)
2026-09-30 15:43:31 INFO    写出 t850_1991.nc  (39.8 MB, 123 天)
2026-09-30 15:43:53 INFO    写出 v850_1983.nc  (60.7 MB, 123 天)
2026-09-30 15:44:43 INFO    写出 z200_2022.nc  (33.0 MB, 123 天)
2026-09-30 15:51:27 INFO    写出 swvl1_2013.nc  (0.5 MB, 123 天)
2026-09-30 15:52:42 INFO    写出 swvl1_2014.nc  (0.5 MB, 123 天)
2026-09-30 15:52:53 INFO    写出 d2m_2003.nc  (0.3 MB, 123 天)
2026-09-30 15:53:48 INFO    写出 d2m_2004.nc  (0.3 MB, 123 天)
2026-09-30 15:53:48 INFO    写出 swvl1_2015.nc  (0.5 MB, 123 天)
2026-09-30 15:55:14 INFO    写出 d2m_2005.nc  (0.3 MB, 123 天)
2026-09-30 15:55:15 INFO    写出 swvl1_2016.nc  (0.5 MB, 123 天)
2026-09-30 15:56:39 INFO    写出 swvl1_2017.nc  (0.5 MB, 123 天)
2026-09-30 15:56:39 INFO    写出 d2m_2006.nc  (0.3 MB, 123 天)
2026-09-30 15:58:02 INFO    写出 d2m_2007.nc  (0.3 MB, 123 天)
2026-09-30 15:58:02 INFO    写出 swvl1_2018.nc  (0.5 MB, 123 天)
2026-09-30 15:59:31 INFO    写出 swvl1_2019.nc  (0.5 MB, 123 天)
2026-09-30 16:01:44 INFO    写出 swvl1_2020.nc  (0.5 MB, 123 天)
2026-09-30 16:02:21 INFO    写出 swvl1_2021.nc  (0.5 MB, 123 天)
2026-09-30 16:02:22 INFO    写出 t850_1992.nc  (39.8 MB, 123 天)
2026-09-30 16:04:51 INFO    写出 d2m_2008.nc  (0.3 MB, 123 天)
2026-09-30 16:05:12 INFO    写出 swvl1_2022.nc  (0.5 MB, 123 天)
2026-09-30 16:05:13 INFO    写出 tp_1992.nc  (0.5 MB, 123 天)
2026-09-30 16:05:13 INFO    写出 t850_1993.nc  (39.8 MB, 123 天)
2026-09-30 16:05:14 INFO    写出 u850_1985.nc  (59.1 MB, 123 天)
2026-09-30 16:05:14 INFO    写出 v850_1984.nc  (60.7 MB, 123 天)
2026-09-30 16:07:45 INFO    写出 z200_2023.nc  (33.1 MB, 123 天)
2026-09-30 16:08:50 INFO    写出 z200_2024.nc  (33.1 MB, 123 天)
2026-09-30 16:12:41 INFO    写出 z200_2025.nc  (33.1 MB, 123 天)
2026-09-30 16:15:03 INFO    写出 d2m_2009.nc  (0.3 MB, 123 天)
2026-09-30 16:15:06 INFO    写出 t850_1994.nc  (39.8 MB, 123 天)
2026-09-30 16:15:06 INFO    写出 v850_1985.nc  (60.6 MB, 123 天)
2026-09-30 16:15:17 INFO    写出 tp_1993.nc  (0.5 MB, 123 天)
2026-09-30 16:15:18 INFO    写出 swvl1_2023.nc  (0.5 MB, 123 天)
2026-09-30 16:15:22 INFO    写出 u850_1986.nc  (59.2 MB, 123 天)
2026-09-30 16:18:39 INFO    写出 swvl1_2024.nc  (0.5 MB, 123 天)
2026-09-30 16:19:06 INFO    写出 swvl1_2025.nc  (0.5 MB, 123 天)
2026-09-30 16:21:03 INFO    写出 d2m_2010.nc  (0.3 MB, 123 天)
2026-09-30 16:21:06 INFO    写出 t850_1995.nc  (39.8 MB, 123 天)
2026-09-30 16:21:07 INFO    写出 v850_1986.nc  (60.7 MB, 123 天)
2026-09-30 16:21:07 INFO    写出 u850_1987.nc  (59.3 MB, 123 天)
2026-09-30 16:21:11 INFO    写出 tp_1994.nc  (0.5 MB, 123 天)
2026-09-30 16:23:32 INFO    写出 t850_1996.nc  (39.7 MB, 123 天)
2026-09-30 16:23:32 INFO    写出 v850_1987.nc  (60.7 MB, 123 天)
2026-09-30 16:23:34 INFO    写出 d2m_2011.nc  (0.3 MB, 123 天)
2026-09-30 16:25:18 INFO    写出 tp_1995.nc  (0.5 MB, 123 天)
2026-09-30 16:25:43 INFO    写出 u850_1988.nc  (58.9 MB, 123 天)
2026-09-30 16:25:43 INFO    写出 v850_1988.nc  (60.6 MB, 123 天)
2026-09-30 16:27:57 INFO    写出 d2m_2012.nc  (0.3 MB, 123 天)
2026-09-30 16:28:08 INFO    写出 u850_1989.nc  (59.1 MB, 123 天)
2026-09-30 16:28:09 INFO    写出 v850_1989.nc  (60.6 MB, 123 天)
2026-09-30 16:29:27 INFO    写出 t850_1997.nc  (39.9 MB, 123 天)
2026-09-30 16:30:00 INFO    写出 tp_1996.nc  (0.5 MB, 123 天)
2026-09-30 16:30:14 INFO    写出 d2m_2013.nc  (0.3 MB, 123 天)
2026-09-30 16:31:17 INFO    写出 u850_1990.nc  (59.1 MB, 123 天)
2026-09-30 16:31:17 INFO    swvl1  源=planette  年=1981-2025  月=[5, 6, 7, 8]
2026-09-30 16:32:23 INFO    写出 t850_1998.nc  (39.7 MB, 123 天)
2026-09-30 16:32:44 INFO    写出 tp_1997.nc  (0.4 MB, 123 天)
2026-09-30 16:32:54 INFO    写出 v850_1990.nc  (60.7 MB, 123 天)
2026-09-30 16:33:20 INFO    写出 swvl1_1981.nc  (0.5 MB, 123 天)
2026-09-30 16:33:21 INFO    写出 u850_1991.nc  (59.3 MB, 123 天)
2026-09-30 16:33:43 INFO    写出 d2m_2014.nc  (0.3 MB, 123 天)
2026-09-30 16:33:44 INFO    写出 t850_1999.nc  (39.7 MB, 123 天)
2026-09-30 16:35:32 INFO    写出 swvl1_1982.nc  (0.5 MB, 123 天)
2026-09-30 16:35:57 INFO    写出 tp_1998.nc  (0.5 MB, 123 天)
2026-09-30 16:36:02 INFO    写出 t850_2000.nc  (39.7 MB, 123 天)
2026-09-30 16:38:19 INFO    写出 swvl1_1983.nc  (0.4 MB, 123 天)
2026-09-30 16:39:55 INFO    写出 tp_1999.nc  (0.5 MB, 123 天)
2026-09-30 16:40:21 INFO    写出 u850_1992.nc  (59.3 MB, 123 天)
2026-09-30 16:40:22 INFO    写出 swvl1_1984.nc  (0.4 MB, 123 天)
2026-09-30 16:40:24 INFO    写出 t850_2001.nc  (39.8 MB, 123 天)
2026-09-30 16:41:52 INFO    写出 t850_2002.nc  (39.8 MB, 123 天)
2026-09-30 16:41:52 INFO    写出 v850_1991.nc  (60.7 MB, 123 天)
2026-09-30 16:42:58 INFO    写出 tp_2000.nc  (0.4 MB, 123 天)
2026-09-30 16:43:11 INFO    写出 swvl1_1985.nc  (0.5 MB, 123 天)
2026-09-30 16:43:15 INFO    写出 d2m_2015.nc  (0.3 MB, 123 天)
2026-09-30 16:43:26 INFO    写出 u850_1993.nc  (59.3 MB, 123 天)
2026-09-30 16:44:20 INFO    写出 t850_2003.nc  (39.8 MB, 123 天)
2026-09-30 16:44:55 INFO    写出 tp_2001.nc  (0.4 MB, 123 天)
2026-09-30 16:45:03 INFO    ssrd  源=openmeteo  年=1981-2025  月=[5, 6, 7, 8]
2026-09-30 16:46:55 INFO    写出 v850_1992.nc  (60.8 MB, 123 天)
2026-09-30 16:47:11 INFO    写出 swvl1_1986.nc  (0.5 MB, 123 天)
2026-09-30 16:47:19 INFO    写出 tp_2002.nc  (0.5 MB, 123 天)
2026-09-30 16:47:19 INFO    写出 u850_1994.nc  (59.2 MB, 123 天)
2026-09-30 16:51:23 INFO    t850  源=planette  年=1981-2025  月=[5, 6, 7, 8]
2026-09-30 16:51:39 INFO    跳过 t850_1981.nc（已存在）
2026-09-30 16:51:39 INFO    跳过 t850_1982.nc（已存在）
2026-09-30 16:51:39 INFO    跳过 t850_1983.nc（已存在）
2026-09-30 16:51:39 INFO    跳过 t850_1984.nc（已存在）
2026-09-30 16:51:39 INFO    跳过 t850_1985.nc（已存在）
2026-09-30 16:51:39 INFO    跳过 t850_1986.nc（已存在）
2026-09-30 16:51:39 INFO    跳过 t850_1987.nc（已存在）
2026-09-30 16:51:39 INFO    跳过 t850_1988.nc（已存在）
2026-09-30 16:51:39 INFO    跳过 t850_1989.nc（已存在）
2026-09-30 16:51:39 INFO    跳过 t850_1990.nc（已存在）
2026-09-30 16:51:39 INFO    跳过 t850_1991.nc（已存在）
2026-09-30 16:51:39 INFO    跳过 t850_1992.nc（已存在）
2026-09-30 16:51:39 INFO    跳过 t850_1993.nc（已存在）
2026-09-30 16:51:39 INFO    跳过 t850_1994.nc（已存在）
2026-09-30 16:51:39 INFO    跳过 t850_1995.nc（已存在）
2026-09-30 16:51:39 INFO    跳过 t850_1996.nc（已存在）
2026-09-30 16:51:39 INFO    跳过 t850_1997.nc（已存在）
2026-09-30 16:51:39 INFO    跳过 t850_1998.nc（已存在）
2026-09-30 16:51:39 INFO    跳过 t850_1999.nc（已存在）
2026-09-30 16:51:39 INFO    跳过 t850_2000.nc（已存在）
2026-09-30 16:51:39 INFO    跳过 t850_2001.nc（已存在）
2026-09-30 16:51:39 INFO    跳过 t850_2002.nc（已存在）
2026-09-30 16:51:39 INFO    跳过 t850_2003.nc（已存在）
2026-09-30 16:55:27 INFO    写出 t850_2004.nc  (39.8 MB, 123 天)
2026-09-30 17:01:41 INFO    写出 t850_2005.nc  (39.8 MB, 123 天)
2026-09-30 17:04:10 INFO    写出 t850_2006.nc  (39.8 MB, 123 天)
2026-09-30 17:05:51 INFO    写出 t850_2007.nc  (39.7 MB, 123 天)
2026-09-30 17:11:06 ERROR   2008 失败：object store error dispatch failure: timeout: client error (Connect): HTTP connect timeout occurred after 3.1s: timed out

context:
   0: icechunk::asset_manager::fetch_chunk
           with chunk_id=7MCJH1C70CFQQPC7W8WG range=0..92472286
             at icechunk/src/asset_manager.rs:963
   1: icechunk::store::get
           with key="pressure/0p25latx0p25lon/t/c/832/7/0/0" byte_range=From(0)
             at icechunk/src/store.rs:183
2026-09-30 17:13:23 ERROR   2009 失败：object store error dispatch failure: timeout: client error (Connect): HTTP connect timeout occurred after 3.1s: timed out

context:
   0: icechunk::asset_manager::fetch_chunk
           with chunk_id=SHMQ66RNNY9ACE656SD0 range=0..92345507
             at icechunk/src/asset_manager.rs:963
   1: icechunk::store::get
           with key="pressure/0p25latx0p25lon/t/c/844/7/0/0" byte_range=From(0)
             at icechunk/src/store.rs:183
2026-09-30 17:15:41 ERROR   2010 失败：object store error dispatch failure: timeout: client error (Connect): HTTP connect timeout occurred after 3.1s: timed out

context:
   0: icechunk::asset_manager::fetch_chunk
           with chunk_id=A51AM345GKECY5D1T7A0 range=0..92717179
             at icechunk/src/asset_manager.rs:963
   1: icechunk::store::get
           with key="pressure/0p25latx0p25lon/t/c/854/7/0/0" byte_range=From(0)
             at icechunk/src/store.rs:183
2026-09-30 17:22:24 INFO    t850  源=planette  年=1981-2025  月=[5, 6, 7, 8]
2026-09-30 17:22:27 INFO    d2m  源=planette  年=1981-2025  月=[5, 6, 7, 8]
2026-09-30 17:22:28 INFO    跳过 t850_1981.nc（已存在）
2026-09-30 17:22:28 INFO    跳过 t850_1982.nc（已存在）
2026-09-30 17:22:28 INFO    跳过 t850_1983.nc（已存在）
2026-09-30 17:22:28 INFO    跳过 t850_1984.nc（已存在）
2026-09-30 17:22:28 INFO    跳过 t850_1985.nc（已存在）
2026-09-30 17:22:28 INFO    跳过 t850_1986.nc（已存在）
2026-09-30 17:22:28 INFO    跳过 t850_1987.nc（已存在）
2026-09-30 17:22:28 INFO    跳过 t850_1988.nc（已存在）
2026-09-30 17:22:28 INFO    跳过 t850_1989.nc（已存在）
2026-09-30 17:22:28 INFO    跳过 t850_1990.nc（已存在）
2026-09-30 17:22:28 INFO    跳过 t850_1991.nc（已存在）
2026-09-30 17:22:28 INFO    跳过 t850_1992.nc（已存在）
2026-09-30 17:22:28 INFO    跳过 t850_1993.nc（已存在）
2026-09-30 17:22:28 INFO    跳过 t850_1994.nc（已存在）
2026-09-30 17:22:28 INFO    跳过 t850_1995.nc（已存在）
2026-09-30 17:22:28 INFO    跳过 t850_1996.nc（已存在）
2026-09-30 17:22:28 INFO    跳过 t850_1997.nc（已存在）
2026-09-30 17:22:28 INFO    跳过 t850_1998.nc（已存在）
2026-09-30 17:22:28 INFO    跳过 t850_1999.nc（已存在）
2026-09-30 17:22:28 INFO    跳过 t850_2000.nc（已存在）
2026-09-30 17:22:28 INFO    跳过 t850_2001.nc（已存在）
2026-09-30 17:22:28 INFO    跳过 t850_2002.nc（已存在）
2026-09-30 17:22:28 INFO    跳过 t850_2003.nc（已存在）
2026-09-30 17:22:28 INFO    跳过 t850_2004.nc（已存在）
2026-09-30 17:22:28 INFO    跳过 t850_2005.nc（已存在）
2026-09-30 17:22:28 INFO    跳过 t850_2006.nc（已存在）
2026-09-30 17:22:28 INFO    跳过 t850_2007.nc（已存在）
2026-09-30 17:22:30 INFO    swvl1  源=planette  年=1981-2025  月=[5, 6, 7, 8]
2026-09-30 17:22:32 INFO    跳过 d2m_1981.nc（已存在）
2026-09-30 17:22:32 INFO    跳过 d2m_1982.nc（已存在）
2026-09-30 17:22:32 INFO    跳过 d2m_1983.nc（已存在）
2026-09-30 17:22:32 INFO    跳过 d2m_1984.nc（已存在）
2026-09-30 17:22:32 INFO    跳过 d2m_1985.nc（已存在）
2026-09-30 17:22:32 INFO    跳过 d2m_1986.nc（已存在）
2026-09-30 17:22:32 INFO    跳过 d2m_1987.nc（已存在）
2026-09-30 17:22:32 INFO    跳过 d2m_1988.nc（已存在）
2026-09-30 17:22:32 INFO    跳过 d2m_1989.nc（已存在）
2026-09-30 17:22:32 INFO    跳过 d2m_1990.nc（已存在）
2026-09-30 17:22:32 INFO    跳过 d2m_1991.nc（已存在）
2026-09-30 17:22:32 INFO    跳过 d2m_1992.nc（已存在）
2026-09-30 17:22:32 INFO    跳过 d2m_1993.nc（已存在）
2026-09-30 17:22:32 INFO    跳过 d2m_1994.nc（已存在）
2026-09-30 17:22:32 INFO    跳过 d2m_1995.nc（已存在）
2026-09-30 17:22:32 INFO    跳过 d2m_1996.nc（已存在）
2026-09-30 17:22:32 INFO    跳过 d2m_1997.nc（已存在）
2026-09-30 17:22:32 INFO    跳过 d2m_1998.nc（已存在）
2026-09-30 17:22:32 INFO    跳过 d2m_1999.nc（已存在）
2026-09-30 17:22:32 INFO    跳过 d2m_2000.nc（已存在）
2026-09-30 17:22:32 INFO    跳过 d2m_2001.nc（已存在）
2026-09-30 17:22:32 INFO    跳过 d2m_2002.nc（已存在）
2026-09-30 17:22:32 INFO    跳过 d2m_2003.nc（已存在）
2026-09-30 17:22:32 INFO    跳过 d2m_2004.nc（已存在）
2026-09-30 17:22:32 INFO    跳过 d2m_2005.nc（已存在）
2026-09-30 17:22:32 INFO    跳过 d2m_2006.nc（已存在）
2026-09-30 17:22:32 INFO    跳过 d2m_2007.nc（已存在）
2026-09-30 17:22:32 INFO    跳过 d2m_2008.nc（已存在）
2026-09-30 17:22:32 INFO    跳过 d2m_2009.nc（已存在）
2026-09-30 17:22:32 INFO    跳过 d2m_2010.nc（已存在）
2026-09-30 17:22:32 INFO    跳过 d2m_2011.nc（已存在）
2026-09-30 17:22:32 INFO    跳过 d2m_2012.nc（已存在）
2026-09-30 17:22:32 INFO    跳过 d2m_2013.nc（已存在）
2026-09-30 17:22:32 INFO    跳过 d2m_2014.nc（已存在）
2026-09-30 17:22:32 INFO    跳过 d2m_2015.nc（已存在）
2026-09-30 17:22:32 INFO    跳过 d2m_2016.nc（已存在）
2026-09-30 17:22:32 INFO    跳过 d2m_2017.nc（已存在）
2026-09-30 17:22:32 INFO    跳过 d2m_2018.nc（已存在）
2026-09-30 17:22:32 INFO    跳过 d2m_2019.nc（已存在）
2026-09-30 17:22:33 INFO    tp  源=planette  年=1981-2025  月=[5, 6, 7, 8]
2026-09-30 17:22:36 INFO    u850  源=planette  年=1981-2025  月=[5, 6, 7, 8]
2026-09-30 17:22:38 INFO    跳过 swvl1_1981.nc（已存在）
2026-09-30 17:22:38 INFO    跳过 swvl1_1982.nc（已存在）
2026-09-30 17:22:38 INFO    跳过 swvl1_1983.nc（已存在）
2026-09-30 17:22:38 INFO    跳过 swvl1_1984.nc（已存在）
2026-09-30 17:22:38 INFO    跳过 swvl1_1985.nc（已存在）
2026-09-30 17:22:38 INFO    跳过 swvl1_1986.nc（已存在）
2026-09-30 17:22:38 INFO    跳过 swvl1_1987.nc（已存在）
2026-09-30 17:22:38 INFO    跳过 swvl1_1988.nc（已存在）
2026-09-30 17:22:38 INFO    跳过 swvl1_1989.nc（已存在）
2026-09-30 17:22:38 INFO    跳过 swvl1_1990.nc（已存在）
2026-09-30 17:22:38 INFO    跳过 swvl1_1991.nc（已存在）
2026-09-30 17:22:39 INFO    v850  源=planette  年=1981-2025  月=[5, 6, 7, 8]
2026-09-30 17:22:41 INFO    跳过 tp_1981.nc（已存在）
2026-09-30 17:22:41 INFO    跳过 tp_1982.nc（已存在）
2026-09-30 17:22:41 INFO    跳过 tp_1983.nc（已存在）
2026-09-30 17:22:41 INFO    跳过 tp_1984.nc（已存在）
2026-09-30 17:22:41 INFO    跳过 tp_1985.nc（已存在）
2026-09-30 17:22:41 INFO    跳过 tp_1986.nc（已存在）
2026-09-30 17:22:41 INFO    跳过 tp_1987.nc（已存在）
2026-09-30 17:22:41 INFO    跳过 tp_1988.nc（已存在）
2026-09-30 17:22:41 INFO    跳过 tp_1989.nc（已存在）
2026-09-30 17:22:41 INFO    跳过 tp_1990.nc（已存在）
2026-09-30 17:22:41 INFO    跳过 tp_1991.nc（已存在）
2026-09-30 17:22:41 INFO    跳过 tp_1992.nc（已存在）
2026-09-30 17:22:41 INFO    跳过 tp_1993.nc（已存在）
2026-09-30 17:22:41 INFO    跳过 tp_1994.nc（已存在）
2026-09-30 17:22:41 INFO    跳过 tp_1995.nc（已存在）
2026-09-30 17:22:41 INFO    跳过 tp_1996.nc（已存在）
2026-09-30 17:22:41 INFO    跳过 tp_1997.nc（已存在）
2026-09-30 17:22:41 INFO    跳过 tp_1998.nc（已存在）
2026-09-30 17:22:41 INFO    跳过 tp_1999.nc（已存在）
2026-09-30 17:22:41 INFO    跳过 tp_2000.nc（已存在）
2026-09-30 17:22:41 INFO    跳过 tp_2001.nc（已存在）
2026-09-30 17:22:41 INFO    跳过 tp_2002.nc（已存在）
2026-09-30 17:22:41 INFO    跳过 tp_2003.nc（已存在）
2026-09-30 17:22:41 INFO    跳过 tp_2004.nc（已存在）
2026-09-30 17:22:41 INFO    跳过 tp_2005.nc（已存在）
2026-09-30 17:22:41 INFO    跳过 tp_2006.nc（已存在）
2026-09-30 17:22:42 INFO    跳过 v850_1981.nc（已存在）
2026-09-30 17:22:42 INFO    跳过 v850_1982.nc（已存在）
2026-09-30 17:22:42 INFO    跳过 v850_1983.nc（已存在）
2026-09-30 17:22:42 INFO    跳过 v850_1984.nc（已存在）
2026-09-30 17:22:42 INFO    跳过 v850_1985.nc（已存在）
2026-09-30 17:22:42 INFO    跳过 v850_1986.nc（已存在）
2026-09-30 17:22:42 INFO    跳过 v850_1987.nc（已存在）
2026-09-30 17:22:42 INFO    跳过 v850_1988.nc（已存在）
2026-09-30 17:22:42 INFO    跳过 v850_1989.nc（已存在）
2026-09-30 17:22:42 INFO    跳过 v850_1990.nc（已存在）
2026-09-30 17:22:42 INFO    跳过 v850_1991.nc（已存在）
2026-09-30 17:22:42 INFO    跳过 v850_1992.nc（已存在）
2026-09-30 17:22:42 INFO    跳过 v850_1993.nc（已存在）
2026-09-30 17:22:42 INFO    跳过 v850_1994.nc（已存在）
2026-09-30 17:22:42 INFO    跳过 v850_1995.nc（已存在）
2026-09-30 17:22:42 INFO    跳过 v850_1996.nc（已存在）
2026-09-30 17:22:42 INFO    跳过 u850_1981.nc（已存在）
2026-09-30 17:22:42 INFO    跳过 u850_1982.nc（已存在）
2026-09-30 17:22:42 INFO    跳过 u850_1983.nc（已存在）
2026-09-30 17:22:42 INFO    跳过 u850_1984.nc（已存在）
2026-09-30 17:22:42 INFO    跳过 u850_1985.nc（已存在）
2026-09-30 17:22:42 INFO    跳过 u850_1986.nc（已存在）
2026-09-30 17:22:42 INFO    跳过 u850_1987.nc（已存在）
2026-09-30 17:22:42 INFO    跳过 u850_1988.nc（已存在）
2026-09-30 17:22:42 INFO    跳过 u850_1989.nc（已存在）
2026-09-30 17:22:42 INFO    跳过 u850_1990.nc（已存在）
2026-09-30 17:22:42 INFO    跳过 u850_1991.nc（已存在）
2026-09-30 17:22:42 INFO    跳过 u850_1992.nc（已存在）
2026-09-30 17:22:42 INFO    跳过 u850_1993.nc（已存在）
2026-09-30 17:22:42 INFO    跳过 u850_1994.nc（已存在）
2026-09-30 17:22:42 INFO    跳过 u850_1995.nc（已存在）
2026-09-30 17:22:42 INFO    跳过 u850_1996.nc（已存在）
2026-09-30 17:22:42 INFO    跳过 u850_1997.nc（已存在）
2026-09-30 17:22:42 INFO    跳过 u850_1998.nc（已存在）
2026-09-30 17:28:16 INFO    t850  源=planette  年=1981-2025  月=[5, 6, 7, 8]
2026-09-30 17:28:19 INFO    跳过 t850_1981.nc（已存在）
2026-09-30 17:28:19 INFO    跳过 t850_1982.nc（已存在）
2026-09-30 17:28:19 INFO    跳过 t850_1983.nc（已存在）
2026-09-30 17:28:19 INFO    跳过 t850_1984.nc（已存在）
2026-09-30 17:28:19 INFO    跳过 t850_1985.nc（已存在）
2026-09-30 17:28:19 INFO    跳过 t850_1986.nc（已存在）
2026-09-30 17:28:19 INFO    跳过 t850_1987.nc（已存在）
2026-09-30 17:28:19 INFO    跳过 t850_1988.nc（已存在）
2026-09-30 17:28:19 INFO    跳过 t850_1989.nc（已存在）
2026-09-30 17:28:19 INFO    跳过 t850_1990.nc（已存在）
2026-09-30 17:28:19 INFO    跳过 t850_1991.nc（已存在）
2026-09-30 17:28:19 INFO    跳过 t850_1992.nc（已存在）
2026-09-30 17:28:19 INFO    跳过 t850_1993.nc（已存在）
2026-09-30 17:28:19 INFO    跳过 t850_1994.nc（已存在）
2026-09-30 17:28:19 INFO    跳过 t850_1995.nc（已存在）
2026-09-30 17:28:19 INFO    跳过 t850_1996.nc（已存在）
2026-09-30 17:28:19 INFO    跳过 t850_1997.nc（已存在）
2026-09-30 17:28:19 INFO    跳过 t850_1998.nc（已存在）
2026-09-30 17:28:19 INFO    跳过 t850_1999.nc（已存在）
2026-09-30 17:28:19 INFO    跳过 t850_2000.nc（已存在）
2026-09-30 17:28:19 INFO    跳过 t850_2001.nc（已存在）
2026-09-30 17:28:19 INFO    跳过 t850_2002.nc（已存在）
2026-09-30 17:28:19 INFO    跳过 t850_2003.nc（已存在）
2026-09-30 17:28:19 INFO    跳过 t850_2004.nc（已存在）
2026-09-30 17:28:19 INFO    跳过 t850_2005.nc（已存在）
2026-09-30 17:28:19 INFO    跳过 t850_2006.nc（已存在）
2026-09-30 17:28:19 INFO    跳过 t850_2007.nc（已存在）
2026-09-30 17:28:20 INFO    d2m  源=planette  年=1981-2025  月=[5, 6, 7, 8]
2026-09-30 17:28:24 INFO    swvl1  源=planette  年=1981-2025  月=[5, 6, 7, 8]
2026-09-30 17:28:26 INFO    跳过 d2m_1981.nc（已存在）
2026-09-30 17:28:26 INFO    跳过 d2m_1982.nc（已存在）
2026-09-30 17:28:26 INFO    跳过 d2m_1983.nc（已存在）
2026-09-30 17:28:26 INFO    跳过 d2m_1984.nc（已存在）
2026-09-30 17:28:26 INFO    跳过 d2m_1985.nc（已存在）
2026-09-30 17:28:26 INFO    跳过 d2m_1986.nc（已存在）
2026-09-30 17:28:26 INFO    跳过 d2m_1987.nc（已存在）
2026-09-30 17:28:26 INFO    跳过 d2m_1988.nc（已存在）
2026-09-30 17:28:26 INFO    跳过 d2m_1989.nc（已存在）
2026-09-30 17:28:26 INFO    跳过 d2m_1990.nc（已存在）
2026-09-30 17:28:26 INFO    跳过 d2m_1991.nc（已存在）
2026-09-30 17:28:26 INFO    跳过 d2m_1992.nc（已存在）
2026-09-30 17:28:26 INFO    跳过 d2m_1993.nc（已存在）
2026-09-30 17:28:26 INFO    跳过 d2m_1994.nc（已存在）
2026-09-30 17:28:26 INFO    跳过 d2m_1995.nc（已存在）
2026-09-30 17:28:26 INFO    跳过 d2m_1996.nc（已存在）
2026-09-30 17:28:26 INFO    跳过 d2m_1997.nc（已存在）
2026-09-30 17:28:26 INFO    跳过 d2m_1998.nc（已存在）
2026-09-30 17:28:26 INFO    跳过 d2m_1999.nc（已存在）
2026-09-30 17:28:26 INFO    跳过 d2m_2000.nc（已存在）
2026-09-30 17:28:26 INFO    跳过 d2m_2001.nc（已存在）
2026-09-30 17:28:26 INFO    跳过 d2m_2002.nc（已存在）
2026-09-30 17:28:26 INFO    跳过 d2m_2003.nc（已存在）
2026-09-30 17:28:26 INFO    跳过 d2m_2004.nc（已存在）
2026-09-30 17:28:26 INFO    跳过 d2m_2005.nc（已存在）
2026-09-30 17:28:26 INFO    跳过 d2m_2006.nc（已存在）
2026-09-30 17:28:26 INFO    跳过 d2m_2007.nc（已存在）
2026-09-30 17:28:26 INFO    跳过 d2m_2008.nc（已存在）
2026-09-30 17:28:26 INFO    跳过 d2m_2009.nc（已存在）
2026-09-30 17:28:26 INFO    跳过 d2m_2010.nc（已存在）
2026-09-30 17:28:26 INFO    跳过 d2m_2011.nc（已存在）
2026-09-30 17:28:26 INFO    跳过 d2m_2012.nc（已存在）
2026-09-30 17:28:26 INFO    跳过 d2m_2013.nc（已存在）
2026-09-30 17:28:26 INFO    跳过 d2m_2014.nc（已存在）
2026-09-30 17:28:26 INFO    跳过 d2m_2015.nc（已存在）
2026-09-30 17:28:26 INFO    跳过 d2m_2016.nc（已存在）
2026-09-30 17:28:26 INFO    跳过 d2m_2017.nc（已存在）
2026-09-30 17:28:26 INFO    跳过 d2m_2018.nc（已存在）
2026-09-30 17:28:26 INFO    跳过 d2m_2019.nc（已存在）
2026-09-30 17:28:27 INFO    tp  源=planette  年=1981-2025  月=[5, 6, 7, 8]
2026-09-30 17:28:30 INFO    跳过 swvl1_1981.nc（已存在）
2026-09-30 17:28:30 INFO    跳过 swvl1_1982.nc（已存在）
2026-09-30 17:28:30 INFO    跳过 swvl1_1983.nc（已存在）
2026-09-30 17:28:30 INFO    跳过 swvl1_1984.nc（已存在）
2026-09-30 17:28:30 INFO    跳过 swvl1_1985.nc（已存在）
2026-09-30 17:28:30 INFO    跳过 swvl1_1986.nc（已存在）
2026-09-30 17:28:30 INFO    跳过 swvl1_1987.nc（已存在）
2026-09-30 17:28:30 INFO    跳过 swvl1_1988.nc（已存在）
2026-09-30 17:28:30 INFO    跳过 swvl1_1989.nc（已存在）
2026-09-30 17:28:30 INFO    跳过 swvl1_1990.nc（已存在）
2026-09-30 17:28:30 INFO    跳过 swvl1_1991.nc（已存在）
2026-09-30 17:28:31 INFO    u850  源=planette  年=1981-2025  月=[5, 6, 7, 8]
2026-09-30 17:28:34 INFO    跳过 tp_1981.nc（已存在）
2026-09-30 17:28:34 INFO    跳过 tp_1982.nc（已存在）
2026-09-30 17:28:34 INFO    跳过 tp_1983.nc（已存在）
2026-09-30 17:28:34 INFO    跳过 tp_1984.nc（已存在）
2026-09-30 17:28:34 INFO    跳过 tp_1985.nc（已存在）
2026-09-30 17:28:34 INFO    跳过 tp_1986.nc（已存在）
2026-09-30 17:28:34 INFO    跳过 tp_1987.nc（已存在）
2026-09-30 17:28:34 INFO    跳过 tp_1988.nc（已存在）
2026-09-30 17:28:34 INFO    跳过 tp_1989.nc（已存在）
2026-09-30 17:28:34 INFO    跳过 tp_1990.nc（已存在）
2026-09-30 17:28:34 INFO    跳过 tp_1991.nc（已存在）
2026-09-30 17:28:34 INFO    跳过 tp_1992.nc（已存在）
2026-09-30 17:28:34 INFO    跳过 tp_1993.nc（已存在）
2026-09-30 17:28:34 INFO    跳过 tp_1994.nc（已存在）
2026-09-30 17:28:34 INFO    跳过 tp_1995.nc（已存在）
2026-09-30 17:28:34 INFO    跳过 tp_1996.nc（已存在）
2026-09-30 17:28:34 INFO    跳过 tp_1997.nc（已存在）
2026-09-30 17:28:34 INFO    跳过 tp_1998.nc（已存在）
2026-09-30 17:28:34 INFO    跳过 tp_1999.nc（已存在）
2026-09-30 17:28:34 INFO    跳过 tp_2000.nc（已存在）
2026-09-30 17:28:34 INFO    跳过 tp_2001.nc（已存在）
2026-09-30 17:28:34 INFO    跳过 tp_2002.nc（已存在）
2026-09-30 17:28:34 INFO    跳过 tp_2003.nc（已存在）
2026-09-30 17:28:34 INFO    跳过 tp_2004.nc（已存在）
2026-09-30 17:28:34 INFO    跳过 tp_2005.nc（已存在）
2026-09-30 17:28:34 INFO    跳过 tp_2006.nc（已存在）
2026-09-30 17:28:36 INFO    v850  源=planette  年=1981-2025  月=[5, 6, 7, 8]
2026-09-30 17:28:37 INFO    跳过 u850_1981.nc（已存在）
2026-09-30 17:28:37 INFO    跳过 u850_1982.nc（已存在）
2026-09-30 17:28:37 INFO    跳过 u850_1983.nc（已存在）
2026-09-30 17:28:37 INFO    跳过 u850_1984.nc（已存在）
2026-09-30 17:28:37 INFO    跳过 u850_1985.nc（已存在）
2026-09-30 17:28:37 INFO    跳过 u850_1986.nc（已存在）
2026-09-30 17:28:37 INFO    跳过 u850_1987.nc（已存在）
2026-09-30 17:28:37 INFO    跳过 u850_1988.nc（已存在）
2026-09-30 17:28:37 INFO    跳过 u850_1989.nc（已存在）
2026-09-30 17:28:37 INFO    跳过 u850_1990.nc（已存在）
2026-09-30 17:28:37 INFO    跳过 u850_1991.nc（已存在）
2026-09-30 17:28:37 INFO    跳过 u850_1992.nc（已存在）
2026-09-30 17:28:37 INFO    跳过 u850_1993.nc（已存在）
2026-09-30 17:28:37 INFO    跳过 u850_1994.nc（已存在）
2026-09-30 17:28:37 INFO    跳过 u850_1995.nc（已存在）
2026-09-30 17:28:37 INFO    跳过 u850_1996.nc（已存在）
2026-09-30 17:28:37 INFO    跳过 u850_1997.nc（已存在）
2026-09-30 17:28:37 INFO    跳过 u850_1998.nc（已存在）
2026-09-30 17:28:41 INFO    跳过 v850_1981.nc（已存在）
2026-09-30 17:28:41 INFO    跳过 v850_1982.nc（已存在）
2026-09-30 17:28:41 INFO    跳过 v850_1983.nc（已存在）
2026-09-30 17:28:41 INFO    跳过 v850_1984.nc（已存在）
2026-09-30 17:28:41 INFO    跳过 v850_1985.nc（已存在）
2026-09-30 17:28:41 INFO    跳过 v850_1986.nc（已存在）
2026-09-30 17:28:41 INFO    跳过 v850_1987.nc（已存在）
2026-09-30 17:28:41 INFO    跳过 v850_1988.nc（已存在）
2026-09-30 17:28:41 INFO    跳过 v850_1989.nc（已存在）
2026-09-30 17:28:41 INFO    跳过 v850_1990.nc（已存在）
2026-09-30 17:28:41 INFO    跳过 v850_1991.nc（已存在）
2026-09-30 17:28:41 INFO    跳过 v850_1992.nc（已存在）
2026-09-30 17:28:41 INFO    跳过 v850_1993.nc（已存在）
2026-09-30 17:28:41 INFO    跳过 v850_1994.nc（已存在）
2026-09-30 17:28:41 INFO    跳过 v850_1995.nc（已存在）
2026-09-30 17:28:41 INFO    跳过 v850_1996.nc（已存在）
2026-09-30 17:31:59 INFO    写出 swvl1_1992.nc  (0.5 MB, 123 天)
2026-09-30 17:32:32 INFO    写出 d2m_2020.nc  (0.3 MB, 123 天)
2026-09-30 17:32:33 INFO    写出 t850_2008.nc  (39.7 MB, 123 天)
2026-09-30 17:32:42 INFO    写出 v850_1997.nc  (60.7 MB, 123 天)
2026-09-30 17:32:52 INFO    写出 tp_2007.nc  (0.4 MB, 123 天)
2026-09-30 17:33:02 INFO    写出 u850_1999.nc  (58.9 MB, 123 天)
2026-09-30 17:35:48 INFO    写出 swvl1_1993.nc  (0.4 MB, 123 天)
2026-09-30 17:35:59 INFO    写出 d2m_2021.nc  (0.3 MB, 123 天)
2026-09-30 17:36:07 INFO    写出 t850_2009.nc  (39.8 MB, 123 天)
2026-09-30 17:36:12 INFO    写出 v850_1998.nc  (60.7 MB, 123 天)
2026-09-30 17:36:38 INFO    写出 tp_2008.nc  (0.4 MB, 123 天)
2026-09-30 17:36:50 INFO    写出 u850_2000.nc  (59.1 MB, 123 天)
2026-09-30 17:41:11 INFO    写出 d2m_2022.nc  (0.3 MB, 123 天)
2026-09-30 17:44:06 INFO    d2m  源=planette  年=1981-2025  月=[5, 6, 7, 8]
2026-09-30 17:44:10 INFO    跳过 d2m_1981.nc（已存在）
2026-09-30 17:44:10 INFO    跳过 d2m_1982.nc（已存在）
2026-09-30 17:44:10 INFO    跳过 d2m_1983.nc（已存在）
2026-09-30 17:44:10 INFO    跳过 d2m_1984.nc（已存在）
2026-09-30 17:44:10 INFO    跳过 d2m_1985.nc（已存在）
2026-09-30 17:44:10 INFO    跳过 d2m_1986.nc（已存在）
2026-09-30 17:44:10 INFO    跳过 d2m_1987.nc（已存在）
2026-09-30 17:44:10 INFO    跳过 d2m_1988.nc（已存在）
2026-09-30 17:44:10 INFO    跳过 d2m_1989.nc（已存在）
2026-09-30 17:44:10 INFO    跳过 d2m_1990.nc（已存在）
2026-09-30 17:44:10 INFO    跳过 d2m_1991.nc（已存在）
2026-09-30 17:44:10 INFO    跳过 d2m_1992.nc（已存在）
2026-09-30 17:44:10 INFO    跳过 d2m_1993.nc（已存在）
2026-09-30 17:44:10 INFO    跳过 d2m_1994.nc（已存在）
2026-09-30 17:44:10 INFO    跳过 d2m_1995.nc（已存在）
2026-09-30 17:44:10 INFO    跳过 d2m_1996.nc（已存在）
2026-09-30 17:44:10 INFO    跳过 d2m_1997.nc（已存在）
2026-09-30 17:44:10 INFO    跳过 d2m_1998.nc（已存在）
2026-09-30 17:44:10 INFO    跳过 d2m_1999.nc（已存在）
2026-09-30 17:44:10 INFO    跳过 d2m_2000.nc（已存在）
2026-09-30 17:44:10 INFO    跳过 d2m_2001.nc（已存在）
2026-09-30 17:44:10 INFO    跳过 d2m_2002.nc（已存在）
2026-09-30 17:44:10 INFO    跳过 d2m_2003.nc（已存在）
2026-09-30 17:44:10 INFO    跳过 d2m_2004.nc（已存在）
2026-09-30 17:44:10 INFO    跳过 d2m_2005.nc（已存在）
2026-09-30 17:44:10 INFO    跳过 d2m_2006.nc（已存在）
2026-09-30 17:44:10 INFO    跳过 d2m_2007.nc（已存在）
2026-09-30 17:44:10 INFO    跳过 d2m_2008.nc（已存在）
2026-09-30 17:44:10 INFO    跳过 d2m_2009.nc（已存在）
2026-09-30 17:44:10 INFO    跳过 d2m_2010.nc（已存在）
2026-09-30 17:44:10 INFO    跳过 d2m_2011.nc（已存在）
2026-09-30 17:44:10 INFO    跳过 d2m_2012.nc（已存在）
2026-09-30 17:44:10 INFO    跳过 d2m_2013.nc（已存在）
2026-09-30 17:44:10 INFO    跳过 d2m_2014.nc（已存在）
2026-09-30 17:44:10 INFO    跳过 d2m_2015.nc（已存在）
2026-09-30 17:44:10 INFO    跳过 d2m_2016.nc（已存在）
2026-09-30 17:44:10 INFO    跳过 d2m_2017.nc（已存在）
2026-09-30 17:44:10 INFO    跳过 d2m_2018.nc（已存在）
2026-09-30 17:44:10 INFO    跳过 d2m_2019.nc（已存在）
2026-09-30 17:44:10 INFO    跳过 d2m_2020.nc（已存在）
2026-09-30 17:44:10 INFO    跳过 d2m_2021.nc（已存在）
2026-09-30 17:44:10 INFO    跳过 d2m_2022.nc（已存在）
2026-09-30 17:44:24 INFO    swvl1  源=planette  年=1981-2025  月=[5, 6, 7, 8]
2026-09-30 17:44:29 INFO    跳过 swvl1_1981.nc（已存在）
2026-09-30 17:44:29 INFO    跳过 swvl1_1982.nc（已存在）
2026-09-30 17:44:29 INFO    跳过 swvl1_1983.nc（已存在）
2026-09-30 17:44:29 INFO    跳过 swvl1_1984.nc（已存在）
2026-09-30 17:44:29 INFO    跳过 swvl1_1985.nc（已存在）
2026-09-30 17:44:29 INFO    跳过 swvl1_1986.nc（已存在）
2026-09-30 17:44:29 INFO    跳过 swvl1_1987.nc（已存在）
2026-09-30 17:44:29 INFO    跳过 swvl1_1988.nc（已存在）
2026-09-30 17:44:29 INFO    跳过 swvl1_1989.nc（已存在）
2026-09-30 17:44:29 INFO    跳过 swvl1_1990.nc（已存在）
2026-09-30 17:44:29 INFO    跳过 swvl1_1991.nc（已存在）
2026-09-30 17:44:29 INFO    跳过 swvl1_1992.nc（已存在）
2026-09-30 17:44:29 INFO    跳过 swvl1_1993.nc（已存在）
2026-09-30 17:44:57 INFO    写出 d2m_2023.nc  (0.3 MB, 123 天)
2026-09-30 17:45:08 INFO    tp  源=planette  年=1981-2025  月=[5, 6, 7, 8]
2026-09-30 17:45:13 INFO    跳过 tp_1981.nc（已存在）
2026-09-30 17:45:13 INFO    跳过 tp_1982.nc（已存在）
2026-09-30 17:45:13 INFO    跳过 tp_1983.nc（已存在）
2026-09-30 17:45:13 INFO    跳过 tp_1984.nc（已存在）
2026-09-30 17:45:13 INFO    跳过 tp_1985.nc（已存在）
2026-09-30 17:45:13 INFO    跳过 tp_1986.nc（已存在）
2026-09-30 17:45:13 INFO    跳过 tp_1987.nc（已存在）
2026-09-30 17:45:13 INFO    跳过 tp_1988.nc（已存在）
2026-09-30 17:45:13 INFO    跳过 tp_1989.nc（已存在）
2026-09-30 17:45:13 INFO    跳过 tp_1990.nc（已存在）
2026-09-30 17:45:13 INFO    跳过 tp_1991.nc（已存在）
2026-09-30 17:45:13 INFO    跳过 tp_1992.nc（已存在）
2026-09-30 17:45:13 INFO    跳过 tp_1993.nc（已存在）
2026-09-30 17:45:13 INFO    跳过 tp_1994.nc（已存在）
2026-09-30 17:45:13 INFO    跳过 tp_1995.nc（已存在）
2026-09-30 17:45:13 INFO    跳过 tp_1996.nc（已存在）
2026-09-30 17:45:13 INFO    跳过 tp_1997.nc（已存在）
2026-09-30 17:45:13 INFO    跳过 tp_1998.nc（已存在）
2026-09-30 17:45:13 INFO    跳过 tp_1999.nc（已存在）
2026-09-30 17:45:13 INFO    跳过 tp_2000.nc（已存在）
2026-09-30 17:45:13 INFO    跳过 tp_2001.nc（已存在）
2026-09-30 17:45:13 INFO    跳过 tp_2002.nc（已存在）
2026-09-30 17:45:13 INFO    跳过 tp_2003.nc（已存在）
2026-09-30 17:45:13 INFO    跳过 tp_2004.nc（已存在）
2026-09-30 17:45:13 INFO    跳过 tp_2005.nc（已存在）
2026-09-30 17:45:13 INFO    跳过 tp_2006.nc（已存在）
2026-09-30 17:45:13 INFO    跳过 tp_2007.nc（已存在）
2026-09-30 17:45:13 INFO    跳过 tp_2008.nc（已存在）
2026-09-30 17:45:27 INFO    写出 swvl1_1994.nc  (0.5 MB, 123 天)
2026-09-30 17:45:48 INFO    t850  源=planette  年=1981-2025  月=[5, 6, 7, 8]
2026-09-30 17:45:52 INFO    跳过 t850_1981.nc（已存在）
2026-09-30 17:45:52 INFO    跳过 t850_1982.nc（已存在）
2026-09-30 17:45:52 INFO    跳过 t850_1983.nc（已存在）
2026-09-30 17:45:52 INFO    跳过 t850_1984.nc（已存在）
2026-09-30 17:45:52 INFO    跳过 t850_1985.nc（已存在）
2026-09-30 17:45:52 INFO    跳过 t850_1986.nc（已存在）
2026-09-30 17:45:52 INFO    跳过 t850_1987.nc（已存在）
2026-09-30 17:45:52 INFO    跳过 t850_1988.nc（已存在）
2026-09-30 17:45:52 INFO    跳过 t850_1989.nc（已存在）
2026-09-30 17:45:52 INFO    跳过 t850_1990.nc（已存在）
2026-09-30 17:45:52 INFO    跳过 t850_1991.nc（已存在）
2026-09-30 17:45:52 INFO    跳过 t850_1992.nc（已存在）
2026-09-30 17:45:52 INFO    跳过 t850_1993.nc（已存在）
2026-09-30 17:45:52 INFO    跳过 t850_1994.nc（已存在）
2026-09-30 17:45:52 INFO    跳过 t850_1995.nc（已存在）
2026-09-30 17:45:52 INFO    跳过 t850_1996.nc（已存在）
2026-09-30 17:45:52 INFO    跳过 t850_1997.nc（已存在）
2026-09-30 17:45:52 INFO    跳过 t850_1998.nc（已存在）
2026-09-30 17:45:52 INFO    跳过 t850_1999.nc（已存在）
2026-09-30 17:45:52 INFO    跳过 t850_2000.nc（已存在）
2026-09-30 17:45:52 INFO    跳过 t850_2001.nc（已存在）
2026-09-30 17:45:52 INFO    跳过 t850_2002.nc（已存在）
2026-09-30 17:45:52 INFO    跳过 t850_2003.nc（已存在）
2026-09-30 17:45:52 INFO    跳过 t850_2004.nc（已存在）
2026-09-30 17:45:52 INFO    跳过 t850_2005.nc（已存在）
2026-09-30 17:45:52 INFO    跳过 t850_2006.nc（已存在）
2026-09-30 17:45:52 INFO    跳过 t850_2007.nc（已存在）
2026-09-30 17:45:52 INFO    跳过 t850_2008.nc（已存在）
2026-09-30 17:45:52 INFO    跳过 t850_2009.nc（已存在）
2026-09-30 17:45:57 INFO    u850  源=planette  年=1981-2025  月=[5, 6, 7, 8]
2026-09-30 17:46:01 INFO    跳过 u850_1981.nc（已存在）
2026-09-30 17:46:01 INFO    跳过 u850_1982.nc（已存在）
2026-09-30 17:46:01 INFO    跳过 u850_1983.nc（已存在）
2026-09-30 17:46:01 INFO    跳过 u850_1984.nc（已存在）
2026-09-30 17:46:01 INFO    跳过 u850_1985.nc（已存在）
2026-09-30 17:46:01 INFO    跳过 u850_1986.nc（已存在）
2026-09-30 17:46:01 INFO    跳过 u850_1987.nc（已存在）
2026-09-30 17:46:01 INFO    跳过 u850_1988.nc（已存在）
2026-09-30 17:46:01 INFO    跳过 u850_1989.nc（已存在）
2026-09-30 17:46:01 INFO    跳过 u850_1990.nc（已存在）
2026-09-30 17:46:01 INFO    跳过 u850_1991.nc（已存在）
2026-09-30 17:46:01 INFO    跳过 u850_1992.nc（已存在）
2026-09-30 17:46:01 INFO    跳过 u850_1993.nc（已存在）
2026-09-30 17:46:01 INFO    跳过 u850_1994.nc（已存在）
2026-09-30 17:46:01 INFO    跳过 u850_1995.nc（已存在）
2026-09-30 17:46:01 INFO    跳过 u850_1996.nc（已存在）
2026-09-30 17:46:01 INFO    跳过 u850_1997.nc（已存在）
2026-09-30 17:46:01 INFO    跳过 u850_1998.nc（已存在）
2026-09-30 17:46:01 INFO    跳过 u850_1999.nc（已存在）
2026-09-30 17:46:01 INFO    跳过 u850_2000.nc（已存在）
2026-09-30 17:46:03 INFO    v850  源=planette  年=1981-2025  月=[5, 6, 7, 8]
2026-09-30 17:46:07 INFO    跳过 v850_1981.nc（已存在）
2026-09-30 17:46:07 INFO    跳过 v850_1982.nc（已存在）
2026-09-30 17:46:07 INFO    跳过 v850_1983.nc（已存在）
2026-09-30 17:46:07 INFO    跳过 v850_1984.nc（已存在）
2026-09-30 17:46:07 INFO    跳过 v850_1985.nc（已存在）
2026-09-30 17:46:07 INFO    跳过 v850_1986.nc（已存在）
2026-09-30 17:46:07 INFO    跳过 v850_1987.nc（已存在）
2026-09-30 17:46:07 INFO    跳过 v850_1988.nc（已存在）
2026-09-30 17:46:07 INFO    跳过 v850_1989.nc（已存在）
2026-09-30 17:46:07 INFO    跳过 v850_1990.nc（已存在）
2026-09-30 17:46:07 INFO    跳过 v850_1991.nc（已存在）
2026-09-30 17:46:07 INFO    跳过 v850_1992.nc（已存在）
2026-09-30 17:46:07 INFO    跳过 v850_1993.nc（已存在）
2026-09-30 17:46:07 INFO    跳过 v850_1994.nc（已存在）
2026-09-30 17:46:07 INFO    跳过 v850_1995.nc（已存在）
2026-09-30 17:46:07 INFO    跳过 v850_1996.nc（已存在）
2026-09-30 17:46:07 INFO    跳过 v850_1997.nc（已存在）
2026-09-30 17:46:07 INFO    跳过 v850_1998.nc（已存在）
2026-09-30 17:50:06 INFO    写出 d2m_2024.nc  (0.3 MB, 123 天)
2026-09-30 17:53:16 ERROR   2010 失败：object store error dispatch failure: timeout: client error (Connect): HTTP connect timeout occurred after 3.1s: timed out

context:
   0: icechunk::asset_manager::fetch_chunk
           with chunk_id=ZMMFWHGX7MXFMQ7Q4VBG range=0..92753604
             at icechunk/src/asset_manager.rs:963
   1: icechunk::store::get
           with key="pressure/0p25latx0p25lon/t/c/853/7/0/0" byte_range=From(0)
             at icechunk/src/store.rs:183
2026-09-30 17:53:17 ERROR   1999 失败：object store error dispatch failure: timeout: client error (Connect): HTTP connect timeout occurred after 3.1s: timed out

context:
   0: icechunk::asset_manager::fetch_chunk
           with chunk_id=B91XEG5SAQAZY2PHZ0G0 range=0..114142763
             at icechunk/src/asset_manager.rs:963
   1: icechunk::store::get
           with key="pressure/0p25latx0p25lon/v/c/721/7/0/0" byte_range=From(0)
             at icechunk/src/store.rs:183
2026-09-30 17:53:20 ERROR   2001 失败：object store error dispatch failure: timeout: client error (Connect): HTTP connect timeout occurred after 3.1s: timed out

context:
   0: icechunk::asset_manager::fetch_chunk
           with chunk_id=NZ1PWMWXB1GEHZCSPH8G range=0..113064375
             at icechunk/src/asset_manager.rs:963
   1: icechunk::store::get
           with key="pressure/0p25latx0p25lon/u/c/743/7/0/0" byte_range=From(0)
             at icechunk/src/store.rs:183
2026-09-30 17:53:26 ERROR   2025 失败：object store error dispatch failure: timeout: client error (Connect): HTTP connect timeout occurred after 3.1s: timed out

context:
   0: icechunk::asset_manager::fetch_chunk
           with chunk_id=729MWGX5FFH5T96291TG range=0..92511161
             at icechunk/src/asset_manager.rs:963
   1: icechunk::store::get
           with key="single/0p25latx0p25lon/td2m/c/1039/0/0" byte_range=From(0)
             at icechunk/src/store.rs:183
2026-09-30 17:53:46 ERROR   2009 失败：object store error dispatch failure: timeout: client error (Connect): HTTP connect timeout occurred after 3.1s: timed out

context:
   0: icechunk::asset_manager::fetch_chunk
           with chunk_id=Z9Z7AQ8BQZMPJ7QJH37G range=0..73999053
             at icechunk/src/asset_manager.rs:963
   1: icechunk::store::get
           with key="single/0p25latx0p25lon/pr/c/845/0/0" byte_range=From(0)
             at icechunk/src/store.rs:183
2026-09-30 17:54:13 ERROR   1995 失败：object store error dispatch failure: timeout: client error (Connect): HTTP connect timeout occurred after 3.1s: timed out

context:
   0: icechunk::asset_manager::fetch_chunk
           with chunk_id=49H40QA64AQ1QPPZ7QCG range=0..38111617
             at icechunk/src/asset_manager.rs:963
   1: icechunk::store::get
           with key="single/0p25latx0p25lon/swv_1/c/671/0/0" byte_range=From(0)
             at icechunk/src/store.rs:183
2026-09-30 17:54:55 INFO    d2m  源=planette  年=1981-2025  月=[5, 6, 7, 8]
2026-09-30 17:54:59 INFO    跳过 d2m_1981.nc（已存在）
2026-09-30 17:54:59 INFO    跳过 d2m_1982.nc（已存在）
2026-09-30 17:54:59 INFO    跳过 d2m_1983.nc（已存在）
2026-09-30 17:54:59 INFO    跳过 d2m_1984.nc（已存在）
2026-09-30 17:54:59 INFO    跳过 d2m_1985.nc（已存在）
2026-09-30 17:54:59 INFO    跳过 d2m_1986.nc（已存在）
2026-09-30 17:54:59 INFO    跳过 d2m_1987.nc（已存在）
2026-09-30 17:54:59 INFO    跳过 d2m_1988.nc（已存在）
2026-09-30 17:54:59 INFO    跳过 d2m_1989.nc（已存在）
2026-09-30 17:54:59 INFO    跳过 d2m_1990.nc（已存在）
2026-09-30 17:54:59 INFO    跳过 d2m_1991.nc（已存在）
2026-09-30 17:54:59 INFO    跳过 d2m_1992.nc（已存在）
2026-09-30 17:54:59 INFO    跳过 d2m_1993.nc（已存在）
2026-09-30 17:54:59 INFO    跳过 d2m_1994.nc（已存在）
2026-09-30 17:54:59 INFO    跳过 d2m_1995.nc（已存在）
2026-09-30 17:54:59 INFO    跳过 d2m_1996.nc（已存在）
2026-09-30 17:54:59 INFO    跳过 d2m_1997.nc（已存在）
2026-09-30 17:54:59 INFO    跳过 d2m_1998.nc（已存在）
2026-09-30 17:54:59 INFO    跳过 d2m_1999.nc（已存在）
2026-09-30 17:54:59 INFO    跳过 d2m_2000.nc（已存在）
2026-09-30 17:54:59 INFO    跳过 d2m_2001.nc（已存在）
2026-09-30 17:54:59 INFO    跳过 d2m_2002.nc（已存在）
2026-09-30 17:54:59 INFO    跳过 d2m_2003.nc（已存在）
2026-09-30 17:54:59 INFO    跳过 d2m_2004.nc（已存在）
2026-09-30 17:54:59 INFO    跳过 d2m_2005.nc（已存在）
2026-09-30 17:54:59 INFO    跳过 d2m_2006.nc（已存在）
2026-09-30 17:54:59 INFO    跳过 d2m_2007.nc（已存在）
2026-09-30 17:54:59 INFO    跳过 d2m_2008.nc（已存在）
2026-09-30 17:54:59 INFO    跳过 d2m_2009.nc（已存在）
2026-09-30 17:54:59 INFO    跳过 d2m_2010.nc（已存在）
2026-09-30 17:54:59 INFO    跳过 d2m_2011.nc（已存在）
2026-09-30 17:54:59 INFO    跳过 d2m_2012.nc（已存在）
2026-09-30 17:54:59 INFO    跳过 d2m_2013.nc（已存在）
2026-09-30 17:54:59 INFO    跳过 d2m_2014.nc（已存在）
2026-09-30 17:54:59 INFO    跳过 d2m_2015.nc（已存在）
2026-09-30 17:54:59 INFO    跳过 d2m_2016.nc（已存在）
2026-09-30 17:54:59 INFO    跳过 d2m_2017.nc（已存在）
2026-09-30 17:54:59 INFO    跳过 d2m_2018.nc（已存在）
2026-09-30 17:54:59 INFO    跳过 d2m_2019.nc（已存在）
2026-09-30 17:54:59 INFO    跳过 d2m_2020.nc（已存在）
2026-09-30 17:54:59 INFO    跳过 d2m_2021.nc（已存在）
2026-09-30 17:54:59 INFO    跳过 d2m_2022.nc（已存在）
2026-09-30 17:54:59 INFO    跳过 d2m_2023.nc（已存在）
2026-09-30 17:54:59 INFO    跳过 d2m_2024.nc（已存在）
2026-09-30 17:55:02 INFO    swvl1  源=planette  年=1981-2025  月=[5, 6, 7, 8]
2026-09-30 17:55:06 INFO    tp  源=planette  年=1981-2025  月=[5, 6, 7, 8]
2026-09-30 17:55:08 INFO    跳过 swvl1_1981.nc（已存在）
2026-09-30 17:55:08 INFO    跳过 swvl1_1982.nc（已存在）
2026-09-30 17:55:08 INFO    跳过 swvl1_1983.nc（已存在）
2026-09-30 17:55:08 INFO    跳过 swvl1_1984.nc（已存在）
2026-09-30 17:55:08 INFO    跳过 swvl1_1985.nc（已存在）
2026-09-30 17:55:08 INFO    跳过 swvl1_1986.nc（已存在）
2026-09-30 17:55:08 INFO    跳过 swvl1_1987.nc（已存在）
2026-09-30 17:55:08 INFO    跳过 swvl1_1988.nc（已存在）
2026-09-30 17:55:08 INFO    跳过 swvl1_1989.nc（已存在）
2026-09-30 17:55:08 INFO    跳过 swvl1_1990.nc（已存在）
2026-09-30 17:55:08 INFO    跳过 swvl1_1991.nc（已存在）
2026-09-30 17:55:08 INFO    跳过 swvl1_1992.nc（已存在）
2026-09-30 17:55:08 INFO    跳过 swvl1_1993.nc（已存在）
2026-09-30 17:55:08 INFO    跳过 swvl1_1994.nc（已存在）
2026-09-30 17:55:10 INFO    t850  源=planette  年=1981-2025  月=[5, 6, 7, 8]
2026-09-30 17:55:11 INFO    跳过 tp_1981.nc（已存在）
2026-09-30 17:55:11 INFO    跳过 tp_1982.nc（已存在）
2026-09-30 17:55:11 INFO    跳过 tp_1983.nc（已存在）
2026-09-30 17:55:11 INFO    跳过 tp_1984.nc（已存在）
2026-09-30 17:55:11 INFO    跳过 tp_1985.nc（已存在）
2026-09-30 17:55:11 INFO    跳过 tp_1986.nc（已存在）
2026-09-30 17:55:11 INFO    跳过 tp_1987.nc（已存在）
2026-09-30 17:55:11 INFO    跳过 tp_1988.nc（已存在）
2026-09-30 17:55:11 INFO    跳过 tp_1989.nc（已存在）
2026-09-30 17:55:11 INFO    跳过 tp_1990.nc（已存在）
2026-09-30 17:55:11 INFO    跳过 tp_1991.nc（已存在）
2026-09-30 17:55:11 INFO    跳过 tp_1992.nc（已存在）
2026-09-30 17:55:11 INFO    跳过 tp_1993.nc（已存在）
2026-09-30 17:55:11 INFO    跳过 tp_1994.nc（已存在）
2026-09-30 17:55:11 INFO    跳过 tp_1995.nc（已存在）
2026-09-30 17:55:11 INFO    跳过 tp_1996.nc（已存在）
2026-09-30 17:55:11 INFO    跳过 tp_1997.nc（已存在）
2026-09-30 17:55:11 INFO    跳过 tp_1998.nc（已存在）
2026-09-30 17:55:11 INFO    跳过 tp_1999.nc（已存在）
2026-09-30 17:55:11 INFO    跳过 tp_2000.nc（已存在）
2026-09-30 17:55:11 INFO    跳过 tp_2001.nc（已存在）
2026-09-30 17:55:11 INFO    跳过 tp_2002.nc（已存在）
2026-09-30 17:55:11 INFO    跳过 tp_2003.nc（已存在）
2026-09-30 17:55:11 INFO    跳过 tp_2004.nc（已存在）
2026-09-30 17:55:11 INFO    跳过 tp_2005.nc（已存在）
2026-09-30 17:55:11 INFO    跳过 tp_2006.nc（已存在）
2026-09-30 17:55:11 INFO    跳过 tp_2007.nc（已存在）
2026-09-30 17:55:11 INFO    跳过 tp_2008.nc（已存在）
2026-09-30 17:55:14 INFO    u850  源=planette  年=1981-2025  月=[5, 6, 7, 8]
2026-09-30 17:55:15 INFO    跳过 t850_1981.nc（已存在）
2026-09-30 17:55:15 INFO    跳过 t850_1982.nc（已存在）
2026-09-30 17:55:15 INFO    跳过 t850_1983.nc（已存在）
2026-09-30 17:55:15 INFO    跳过 t850_1984.nc（已存在）
2026-09-30 17:55:15 INFO    跳过 t850_1985.nc（已存在）
2026-09-30 17:55:15 INFO    跳过 t850_1986.nc（已存在）
2026-09-30 17:55:15 INFO    跳过 t850_1987.nc（已存在）
2026-09-30 17:55:15 INFO    跳过 t850_1988.nc（已存在）
2026-09-30 17:55:15 INFO    跳过 t850_1989.nc（已存在）
2026-09-30 17:55:15 INFO    跳过 t850_1990.nc（已存在）
2026-09-30 17:55:15 INFO    跳过 t850_1991.nc（已存在）
2026-09-30 17:55:15 INFO    跳过 t850_1992.nc（已存在）
2026-09-30 17:55:15 INFO    跳过 t850_1993.nc（已存在）
2026-09-30 17:55:15 INFO    跳过 t850_1994.nc（已存在）
2026-09-30 17:55:15 INFO    跳过 t850_1995.nc（已存在）
2026-09-30 17:55:15 INFO    跳过 t850_1996.nc（已存在）
2026-09-30 17:55:15 INFO    跳过 t850_1997.nc（已存在）
2026-09-30 17:55:15 INFO    跳过 t850_1998.nc（已存在）
2026-09-30 17:55:15 INFO    跳过 t850_1999.nc（已存在）
2026-09-30 17:55:15 INFO    跳过 t850_2000.nc（已存在）
2026-09-30 17:55:15 INFO    跳过 t850_2001.nc（已存在）
2026-09-30 17:55:15 INFO    跳过 t850_2002.nc（已存在）
2026-09-30 17:55:15 INFO    跳过 t850_2003.nc（已存在）
2026-09-30 17:55:15 INFO    跳过 t850_2004.nc（已存在）
2026-09-30 17:55:15 INFO    跳过 t850_2005.nc（已存在）
2026-09-30 17:55:15 INFO    跳过 t850_2006.nc（已存在）
2026-09-30 17:55:15 INFO    跳过 t850_2007.nc（已存在）
2026-09-30 17:55:15 INFO    跳过 t850_2008.nc（已存在）
2026-09-30 17:55:15 INFO    跳过 t850_2009.nc（已存在）
2026-09-30 17:55:19 INFO    v850  源=planette  年=1981-2025  月=[5, 6, 7, 8]
2026-09-30 17:55:37 ERROR   2010 失败：I/O error: I/O error: streaming error: error reading a body from connection: peer closed connection without sending TLS close_notify: https://docs.rs/rustls/latest/rustls/manual/_03_howto/index.html#unexpected-eof

context:
   0: icechunk::asset_manager::fetch_manifest
           with manifest_id=J0G2R30ZW3XXKKGR52BG manifest_size=173083
             at icechunk/src/asset_manager.rs:1305
   1: icechunk::session::get_chunk_ref
           with path=/pressure/0p25latx0p25lon/t coords=ChunkIndices([855, 7, 0, 0])
             at icechunk/src/session.rs:1227
   2: icechunk::session::get_chunk_reader
           with path=/pressure/0p25latx0p25lon/t coords=ChunkIndices([855, 7, 0, 0]) byte_range=From(0)
             at icechunk/src/session.rs:1290
   3: icechunk::store::get
           with key="pressure/0p25latx0p25lon/t/c/855/7/0/0" byte_range=From(0)
             at icechunk/src/store.rs:183
2026-09-30 17:56:08 INFO    跳过 u850_1981.nc（已存在）
2026-09-30 17:56:08 INFO    跳过 u850_1982.nc（已存在）
2026-09-30 17:56:08 INFO    跳过 u850_1983.nc（已存在）
2026-09-30 17:56:08 INFO    跳过 u850_1984.nc（已存在）
2026-09-30 17:56:08 INFO    跳过 u850_1985.nc（已存在）
2026-09-30 17:56:08 INFO    跳过 u850_1986.nc（已存在）
2026-09-30 17:56:08 INFO    跳过 u850_1987.nc（已存在）
2026-09-30 17:56:08 INFO    跳过 u850_1988.nc（已存在）
2026-09-30 17:56:08 INFO    跳过 u850_1989.nc（已存在）
2026-09-30 17:56:08 INFO    跳过 u850_1990.nc（已存在）
2026-09-30 17:56:08 INFO    跳过 u850_1991.nc（已存在）
2026-09-30 17:56:08 INFO    跳过 u850_1992.nc（已存在）
2026-09-30 17:56:08 INFO    跳过 u850_1993.nc（已存在）
2026-09-30 17:56:08 INFO    跳过 u850_1994.nc（已存在）
2026-09-30 17:56:08 INFO    跳过 u850_1995.nc（已存在）
2026-09-30 17:56:08 INFO    跳过 u850_1996.nc（已存在）
2026-09-30 17:56:08 INFO    跳过 u850_1997.nc（已存在）
2026-09-30 17:56:08 INFO    跳过 u850_1998.nc（已存在）
2026-09-30 17:56:08 INFO    跳过 u850_1999.nc（已存在）
2026-09-30 17:56:08 INFO    跳过 u850_2000.nc（已存在）
2026-09-30 17:56:20 ERROR   失败：object store error dispatch failure: timeout: client error (Connect): HTTP connect timeout occurred after 3.1s: timed out

context:
   0: icechunk_s3::get_object_conditional
           with path="repo" previous_version=None
             at icechunk-s3/src/lib.rs:1252
   1: icechunk::asset_manager::fetch_repo_info_from_path
             at icechunk/src/asset_manager.rs:1756
   2: icechunk::asset_manager::fetch_repo_info
             at icechunk/src/asset_manager.rs:518
   3: icechunk::repository::fetch_spec_version
             at icechunk/src/repository.rs:539
2026-09-30 17:56:20 ERROR   若提示 Network is unreachable，说明当前环境连不到该主机；请在你自己能上网的终端里重跑。
2026-09-30 17:57:05 INFO    v850  源=planette  年=1981-2025  月=[5, 6, 7, 8]
2026-09-30 17:57:10 INFO    跳过 v850_1981.nc（已存在）
2026-09-30 17:57:10 INFO    跳过 v850_1982.nc（已存在）
2026-09-30 17:57:10 INFO    跳过 v850_1983.nc（已存在）
2026-09-30 17:57:10 INFO    跳过 v850_1984.nc（已存在）
2026-09-30 17:57:10 INFO    跳过 v850_1985.nc（已存在）
2026-09-30 17:57:10 INFO    跳过 v850_1986.nc（已存在）
2026-09-30 17:57:10 INFO    跳过 v850_1987.nc（已存在）
2026-09-30 17:57:10 INFO    跳过 v850_1988.nc（已存在）
2026-09-30 17:57:10 INFO    跳过 v850_1989.nc（已存在）
2026-09-30 17:57:10 INFO    跳过 v850_1990.nc（已存在）
2026-09-30 17:57:10 INFO    跳过 v850_1991.nc（已存在）
2026-09-30 17:57:10 INFO    跳过 v850_1992.nc（已存在）
2026-09-30 17:57:10 INFO    跳过 v850_1993.nc（已存在）
2026-09-30 17:57:10 INFO    跳过 v850_1994.nc（已存在）
2026-09-30 17:57:10 INFO    跳过 v850_1995.nc（已存在）
2026-09-30 17:57:10 INFO    跳过 v850_1996.nc（已存在）
2026-09-30 17:57:10 INFO    跳过 v850_1997.nc（已存在）
2026-09-30 17:57:10 INFO    跳过 v850_1998.nc（已存在）
2026-09-30 17:57:12 INFO    t850  源=planette  年=1981-2025  月=[5, 6, 7, 8]
2026-09-30 17:57:17 INFO    d2m  源=planette  年=1981-2025  月=[5, 6, 7, 8]
2026-09-30 17:57:17 INFO    跳过 t850_1981.nc（已存在）
2026-09-30 17:57:17 INFO    跳过 t850_1982.nc（已存在）
2026-09-30 17:57:17 INFO    跳过 t850_1983.nc（已存在）
2026-09-30 17:57:17 INFO    跳过 t850_1984.nc（已存在）
2026-09-30 17:57:17 INFO    跳过 t850_1985.nc（已存在）
2026-09-30 17:57:17 INFO    跳过 t850_1986.nc（已存在）
2026-09-30 17:57:17 INFO    跳过 t850_1987.nc（已存在）
2026-09-30 17:57:17 INFO    跳过 t850_1988.nc（已存在）
2026-09-30 17:57:17 INFO    跳过 t850_1989.nc（已存在）
2026-09-30 17:57:17 INFO    跳过 t850_1990.nc（已存在）
2026-09-30 17:57:17 INFO    跳过 t850_1991.nc（已存在）
2026-09-30 17:57:17 INFO    跳过 t850_1992.nc（已存在）
2026-09-30 17:57:17 INFO    跳过 t850_1993.nc（已存在）
2026-09-30 17:57:17 INFO    跳过 t850_1994.nc（已存在）
2026-09-30 17:57:17 INFO    跳过 t850_1995.nc（已存在）
2026-09-30 17:57:17 INFO    跳过 t850_1996.nc（已存在）
2026-09-30 17:57:17 INFO    跳过 t850_1997.nc（已存在）
2026-09-30 17:57:17 INFO    跳过 t850_1998.nc（已存在）
2026-09-30 17:57:17 INFO    跳过 t850_1999.nc（已存在）
2026-09-30 17:57:17 INFO    跳过 t850_2000.nc（已存在）
2026-09-30 17:57:17 INFO    跳过 t850_2001.nc（已存在）
2026-09-30 17:57:17 INFO    跳过 t850_2002.nc（已存在）
2026-09-30 17:57:17 INFO    跳过 t850_2003.nc（已存在）
2026-09-30 17:57:17 INFO    跳过 t850_2004.nc（已存在）
2026-09-30 17:57:17 INFO    跳过 t850_2005.nc（已存在）
2026-09-30 17:57:17 INFO    跳过 t850_2006.nc（已存在）
2026-09-30 17:57:17 INFO    跳过 t850_2007.nc（已存在）
2026-09-30 17:57:17 INFO    跳过 t850_2008.nc（已存在）
2026-09-30 17:57:17 INFO    跳过 t850_2009.nc（已存在）
2026-09-30 17:57:23 INFO    跳过 d2m_1981.nc（已存在）
2026-09-30 17:57:23 INFO    跳过 d2m_1982.nc（已存在）
2026-09-30 17:57:23 INFO    跳过 d2m_1983.nc（已存在）
2026-09-30 17:57:23 INFO    跳过 d2m_1984.nc（已存在）
2026-09-30 17:57:23 INFO    跳过 d2m_1985.nc（已存在）
2026-09-30 17:57:23 INFO    跳过 d2m_1986.nc（已存在）
2026-09-30 17:57:23 INFO    跳过 d2m_1987.nc（已存在）
2026-09-30 17:57:23 INFO    跳过 d2m_1988.nc（已存在）
2026-09-30 17:57:23 INFO    跳过 d2m_1989.nc（已存在）
2026-09-30 17:57:23 INFO    跳过 d2m_1990.nc（已存在）
2026-09-30 17:57:23 INFO    跳过 d2m_1991.nc（已存在）
2026-09-30 17:57:23 INFO    跳过 d2m_1992.nc（已存在）
2026-09-30 17:57:23 INFO    跳过 d2m_1993.nc（已存在）
2026-09-30 17:57:23 INFO    跳过 d2m_1994.nc（已存在）
2026-09-30 17:57:23 INFO    跳过 d2m_1995.nc（已存在）
2026-09-30 17:57:23 INFO    跳过 d2m_1996.nc（已存在）
2026-09-30 17:57:23 INFO    跳过 d2m_1997.nc（已存在）
2026-09-30 17:57:23 INFO    跳过 d2m_1998.nc（已存在）
2026-09-30 17:57:23 INFO    跳过 d2m_1999.nc（已存在）
2026-09-30 17:57:23 INFO    跳过 d2m_2000.nc（已存在）
2026-09-30 17:57:23 INFO    跳过 d2m_2001.nc（已存在）
2026-09-30 17:57:23 INFO    跳过 d2m_2002.nc（已存在）
2026-09-30 17:57:23 INFO    跳过 d2m_2003.nc（已存在）
2026-09-30 17:57:23 INFO    跳过 d2m_2004.nc（已存在）
2026-09-30 17:57:23 INFO    跳过 d2m_2005.nc（已存在）
2026-09-30 17:57:23 INFO    跳过 d2m_2006.nc（已存在）
2026-09-30 17:57:23 INFO    跳过 d2m_2007.nc（已存在）
2026-09-30 17:57:23 INFO    跳过 d2m_2008.nc（已存在）
2026-09-30 17:57:23 INFO    跳过 d2m_2009.nc（已存在）
2026-09-30 17:57:23 INFO    跳过 d2m_2010.nc（已存在）
2026-09-30 17:57:23 INFO    跳过 d2m_2011.nc（已存在）
2026-09-30 17:57:23 INFO    跳过 d2m_2012.nc（已存在）
2026-09-30 17:57:23 INFO    跳过 d2m_2013.nc（已存在）
2026-09-30 17:57:23 INFO    跳过 d2m_2014.nc（已存在）
2026-09-30 17:57:23 INFO    跳过 d2m_2015.nc（已存在）
2026-09-30 17:57:23 INFO    跳过 d2m_2016.nc（已存在）
2026-09-30 17:57:23 INFO    跳过 d2m_2017.nc（已存在）
2026-09-30 17:57:23 INFO    跳过 d2m_2018.nc（已存在）
2026-09-30 17:57:23 INFO    跳过 d2m_2019.nc（已存在）
2026-09-30 17:57:23 INFO    跳过 d2m_2020.nc（已存在）
2026-09-30 17:57:23 INFO    跳过 d2m_2021.nc（已存在）
2026-09-30 17:57:23 INFO    跳过 d2m_2022.nc（已存在）
2026-09-30 17:57:23 INFO    跳过 d2m_2023.nc（已存在）
2026-09-30 17:57:23 INFO    跳过 d2m_2024.nc（已存在）
2026-09-30 17:59:52 INFO    写出 swvl1_1995.nc  (0.5 MB, 123 天)
2026-09-30 18:00:23 INFO    写出 u850_2001.nc  (59.2 MB, 123 天)
2026-09-30 18:00:37 INFO    写出 v850_1999.nc  (60.7 MB, 123 天)
2026-09-30 18:00:48 INFO    写出 t850_2010.nc  (39.8 MB, 123 天)
2026-09-30 18:00:48 INFO    写出 tp_2009.nc  (0.4 MB, 123 天)
2026-09-30 18:00:50 INFO    写出 d2m_2025.nc  (0.4 MB, 123 天)
2026-09-30 18:02:24 INFO    写出 swvl1_1996.nc  (0.5 MB, 123 天)
2026-09-30 18:03:34 INFO    写出 v850_2000.nc  (60.7 MB, 123 天)
2026-09-30 18:03:35 INFO    写出 u850_2002.nc  (59.1 MB, 123 天)
2026-09-30 18:03:41 INFO    写出 t850_2011.nc  (39.8 MB, 123 天)
2026-09-30 18:03:52 INFO    写出 tp_2010.nc  (0.5 MB, 123 天)
2026-09-30 18:07:44 INFO    写出 v850_2001.nc  (60.7 MB, 123 天)
2026-09-30 18:07:46 INFO    写出 t850_2012.nc  (39.7 MB, 123 天)
2026-09-30 18:08:07 INFO    写出 tp_2011.nc  (0.4 MB, 123 天)
2026-09-30 18:08:09 INFO    写出 swvl1_1997.nc  (0.5 MB, 123 天)
2026-09-30 18:08:12 INFO    写出 u850_2003.nc  (59.2 MB, 123 天)
2026-09-30 18:10:38 INFO    写出 swvl1_1998.nc  (0.4 MB, 123 天)
2026-09-30 18:10:52 INFO    写出 v850_2002.nc  (60.7 MB, 123 天)
2026-09-30 18:10:54 INFO    写出 t850_2013.nc  (39.8 MB, 123 天)
2026-09-30 18:11:16 INFO    写出 tp_2012.nc  (0.5 MB, 123 天)
2026-09-30 18:11:28 INFO    写出 u850_2004.nc  (59.2 MB, 123 天)
2026-09-30 18:13:07 INFO    写出 swvl1_1999.nc  (0.4 MB, 123 天)
2026-09-30 18:18:09 INFO    d2m  源=planette  年=1981-2025  月=[5, 6, 7, 8]
2026-09-30 18:18:13 INFO    跳过 d2m_1981.nc（已存在）
2026-09-30 18:18:25 INFO    v850  源=planette  年=1981-2025  月=[5, 6, 7, 8]
2026-09-30 18:18:29 INFO    跳过 v850_1981.nc（已存在）
2026-09-30 18:18:29 INFO    跳过 v850_1982.nc（已存在）
2026-09-30 18:18:29 INFO    跳过 v850_1983.nc（已存在）
2026-09-30 18:18:29 INFO    跳过 v850_1984.nc（已存在）
2026-09-30 18:18:29 INFO    跳过 v850_1985.nc（已存在）
2026-09-30 18:18:29 INFO    跳过 v850_1986.nc（已存在）
2026-09-30 18:18:29 INFO    跳过 v850_1987.nc（已存在）
2026-09-30 18:18:29 INFO    跳过 v850_1988.nc（已存在）
2026-09-30 18:18:29 INFO    跳过 v850_1989.nc（已存在）
2026-09-30 18:18:29 INFO    跳过 v850_1990.nc（已存在）
2026-09-30 18:18:29 INFO    跳过 v850_1991.nc（已存在）
2026-09-30 18:18:29 INFO    跳过 v850_1992.nc（已存在）
2026-09-30 18:18:29 INFO    跳过 v850_1993.nc（已存在）
2026-09-30 18:18:29 INFO    跳过 v850_1994.nc（已存在）
2026-09-30 18:18:29 INFO    跳过 v850_1995.nc（已存在）
2026-09-30 18:18:29 INFO    跳过 v850_1996.nc（已存在）
2026-09-30 18:18:29 INFO    跳过 v850_1997.nc（已存在）
2026-09-30 18:18:29 INFO    跳过 v850_1998.nc（已存在）
2026-09-30 18:18:29 INFO    跳过 v850_1999.nc（已存在）
2026-09-30 18:18:29 INFO    跳过 v850_2000.nc（已存在）
2026-09-30 18:18:29 INFO    跳过 v850_2001.nc（已存在）
2026-09-30 18:18:29 INFO    跳过 v850_2002.nc（已存在）
2026-09-30 18:18:35 INFO    swvl1  源=planette  年=1981-2025  月=[5, 6, 7, 8]
2026-09-30 18:18:41 INFO    跳过 swvl1_1981.nc（已存在）
2026-09-30 18:18:41 INFO    跳过 swvl1_1982.nc（已存在）
2026-09-30 18:18:41 INFO    跳过 swvl1_1983.nc（已存在）
2026-09-30 18:18:41 INFO    跳过 swvl1_1984.nc（已存在）
2026-09-30 18:18:41 INFO    跳过 swvl1_1985.nc（已存在）
2026-09-30 18:18:41 INFO    跳过 swvl1_1986.nc（已存在）
2026-09-30 18:18:41 INFO    跳过 swvl1_1987.nc（已存在）
2026-09-30 18:18:41 INFO    跳过 swvl1_1988.nc（已存在）
2026-09-30 18:18:41 INFO    跳过 swvl1_1989.nc（已存在）
2026-09-30 18:18:41 INFO    跳过 swvl1_1990.nc（已存在）
2026-09-30 18:18:41 INFO    跳过 swvl1_1991.nc（已存在）
2026-09-30 18:18:41 INFO    跳过 swvl1_1992.nc（已存在）
2026-09-30 18:18:41 INFO    跳过 swvl1_1993.nc（已存在）
2026-09-30 18:18:41 INFO    跳过 swvl1_1994.nc（已存在）
2026-09-30 18:18:41 INFO    跳过 swvl1_1995.nc（已存在）
2026-09-30 18:18:41 INFO    跳过 swvl1_1996.nc（已存在）
2026-09-30 18:18:41 INFO    跳过 swvl1_1997.nc（已存在）
2026-09-30 18:18:41 INFO    跳过 swvl1_1998.nc（已存在）
2026-09-30 18:18:41 INFO    跳过 swvl1_1999.nc（已存在）
2026-09-30 18:18:48 INFO    tp  源=planette  年=1981-2025  月=[5, 6, 7, 8]
2026-09-30 18:18:53 INFO    跳过 tp_1981.nc（已存在）
2026-09-30 18:18:53 INFO    跳过 tp_1982.nc（已存在）
2026-09-30 18:18:53 INFO    跳过 tp_1983.nc（已存在）
2026-09-30 18:18:53 INFO    跳过 tp_1984.nc（已存在）
2026-09-30 18:18:53 INFO    跳过 tp_1985.nc（已存在）
2026-09-30 18:18:53 INFO    跳过 tp_1986.nc（已存在）
2026-09-30 18:18:53 INFO    跳过 tp_1987.nc（已存在）
2026-09-30 18:18:53 INFO    跳过 tp_1988.nc（已存在）
2026-09-30 18:18:53 INFO    跳过 tp_1989.nc（已存在）
2026-09-30 18:18:53 INFO    跳过 tp_1990.nc（已存在）
2026-09-30 18:18:53 INFO    跳过 tp_1991.nc（已存在）
2026-09-30 18:18:53 INFO    跳过 tp_1992.nc（已存在）
2026-09-30 18:18:53 INFO    跳过 tp_1993.nc（已存在）
2026-09-30 18:18:53 INFO    跳过 tp_1994.nc（已存在）
2026-09-30 18:18:53 INFO    跳过 tp_1995.nc（已存在）
2026-09-30 18:18:53 INFO    跳过 tp_1996.nc（已存在）
2026-09-30 18:18:53 INFO    跳过 tp_1997.nc（已存在）
2026-09-30 18:18:53 INFO    跳过 tp_1998.nc（已存在）
2026-09-30 18:18:53 INFO    跳过 tp_1999.nc（已存在）
2026-09-30 18:18:53 INFO    跳过 tp_2000.nc（已存在）
2026-09-30 18:18:53 INFO    跳过 tp_2001.nc（已存在）
2026-09-30 18:18:53 INFO    跳过 tp_2002.nc（已存在）
2026-09-30 18:18:53 INFO    跳过 tp_2003.nc（已存在）
2026-09-30 18:18:53 INFO    跳过 tp_2004.nc（已存在）
2026-09-30 18:18:53 INFO    跳过 tp_2005.nc（已存在）
2026-09-30 18:18:53 INFO    跳过 tp_2006.nc（已存在）
2026-09-30 18:18:53 INFO    跳过 tp_2007.nc（已存在）
2026-09-30 18:18:53 INFO    跳过 tp_2008.nc（已存在）
2026-09-30 18:18:53 INFO    跳过 tp_2009.nc（已存在）
2026-09-30 18:18:53 INFO    跳过 tp_2010.nc（已存在）
2026-09-30 18:18:53 INFO    跳过 tp_2011.nc（已存在）
2026-09-30 18:18:53 INFO    跳过 tp_2012.nc（已存在）
2026-09-30 18:19:02 INFO    u850  源=planette  年=1981-2025  月=[5, 6, 7, 8]
2026-09-30 18:19:06 INFO    跳过 u850_1981.nc（已存在）
2026-09-30 18:19:06 INFO    跳过 u850_1982.nc（已存在）
2026-09-30 18:19:06 INFO    跳过 u850_1983.nc（已存在）
2026-09-30 18:19:06 INFO    跳过 u850_1984.nc（已存在）
2026-09-30 18:19:06 INFO    跳过 u850_1985.nc（已存在）
2026-09-30 18:19:06 INFO    跳过 u850_1986.nc（已存在）
2026-09-30 18:19:06 INFO    跳过 u850_1987.nc（已存在）
2026-09-30 18:19:06 INFO    跳过 u850_1988.nc（已存在）
2026-09-30 18:19:06 INFO    跳过 u850_1989.nc（已存在）
2026-09-30 18:19:06 INFO    跳过 u850_1990.nc（已存在）
2026-09-30 18:19:06 INFO    跳过 u850_1991.nc（已存在）
2026-09-30 18:19:06 INFO    跳过 u850_1992.nc（已存在）
2026-09-30 18:19:06 INFO    跳过 u850_1993.nc（已存在）
2026-09-30 18:19:06 INFO    跳过 u850_1994.nc（已存在）
2026-09-30 18:19:06 INFO    跳过 u850_1995.nc（已存在）
2026-09-30 18:19:06 INFO    跳过 u850_1996.nc（已存在）
2026-09-30 18:19:06 INFO    跳过 u850_1997.nc（已存在）
2026-09-30 18:19:06 INFO    跳过 u850_1998.nc（已存在）
2026-09-30 18:19:06 INFO    跳过 u850_1999.nc（已存在）
2026-09-30 18:19:06 INFO    跳过 u850_2000.nc（已存在）
2026-09-30 18:19:06 INFO    跳过 u850_2001.nc（已存在）
2026-09-30 18:19:06 INFO    跳过 u850_2002.nc（已存在）
2026-09-30 18:19:06 INFO    跳过 u850_2003.nc（已存在）
2026-09-30 18:19:06 INFO    跳过 u850_2004.nc（已存在）
2026-09-30 18:19:09 INFO    v850  源=planette  年=1981-2025  月=[5, 6, 7, 8]
2026-09-30 18:19:14 INFO    跳过 v850_1981.nc（已存在）
2026-09-30 18:19:14 INFO    跳过 v850_1982.nc（已存在）
2026-09-30 18:19:14 INFO    跳过 v850_1983.nc（已存在）
2026-09-30 18:19:14 INFO    跳过 v850_1984.nc（已存在）
2026-09-30 18:19:14 INFO    跳过 v850_1985.nc（已存在）
2026-09-30 18:19:14 INFO    跳过 v850_1986.nc（已存在）
2026-09-30 18:19:14 INFO    跳过 v850_1987.nc（已存在）
2026-09-30 18:19:14 INFO    跳过 v850_1988.nc（已存在）
2026-09-30 18:19:14 INFO    跳过 v850_1989.nc（已存在）
2026-09-30 18:19:14 INFO    跳过 v850_1990.nc（已存在）
2026-09-30 18:19:14 INFO    跳过 v850_1991.nc（已存在）
2026-09-30 18:19:14 INFO    跳过 v850_1992.nc（已存在）
2026-09-30 18:19:14 INFO    跳过 v850_1993.nc（已存在）
2026-09-30 18:19:14 INFO    跳过 v850_1994.nc（已存在）
2026-09-30 18:19:14 INFO    跳过 v850_1995.nc（已存在）
2026-09-30 18:19:14 INFO    跳过 v850_1996.nc（已存在）
2026-09-30 18:19:14 INFO    跳过 v850_1997.nc（已存在）
2026-09-30 18:19:14 INFO    跳过 v850_1998.nc（已存在）
2026-09-30 18:19:14 INFO    跳过 v850_1999.nc（已存在）
2026-09-30 18:19:14 INFO    跳过 v850_2000.nc（已存在）
2026-09-30 18:19:14 INFO    跳过 v850_2001.nc（已存在）
2026-09-30 18:19:14 INFO    跳过 v850_2002.nc（已存在）
2026-09-30 18:19:31 INFO    t850  源=planette  年=1981-2025  月=[5, 6, 7, 8]
2026-09-30 18:19:35 INFO    跳过 t850_1981.nc（已存在）
2026-09-30 18:19:35 INFO    跳过 t850_1982.nc（已存在）
2026-09-30 18:19:35 INFO    跳过 t850_1983.nc（已存在）
2026-09-30 18:19:35 INFO    跳过 t850_1984.nc（已存在）
2026-09-30 18:19:35 INFO    跳过 t850_1985.nc（已存在）
2026-09-30 18:19:35 INFO    跳过 t850_1986.nc（已存在）
2026-09-30 18:19:35 INFO    跳过 t850_1987.nc（已存在）
2026-09-30 18:19:35 INFO    跳过 t850_1988.nc（已存在）
2026-09-30 18:19:35 INFO    跳过 t850_1989.nc（已存在）
2026-09-30 18:19:35 INFO    跳过 t850_1990.nc（已存在）
2026-09-30 18:19:35 INFO    跳过 t850_1991.nc（已存在）
2026-09-30 18:19:35 INFO    跳过 t850_1992.nc（已存在）
2026-09-30 18:19:35 INFO    跳过 t850_1993.nc（已存在）
2026-09-30 18:19:35 INFO    跳过 t850_1994.nc（已存在）
2026-09-30 18:19:35 INFO    跳过 t850_1995.nc（已存在）
2026-09-30 18:19:35 INFO    跳过 t850_1996.nc（已存在）
2026-09-30 18:19:35 INFO    跳过 t850_1997.nc（已存在）
2026-09-30 18:19:35 INFO    跳过 t850_1998.nc（已存在）
2026-09-30 18:19:35 INFO    跳过 t850_1999.nc（已存在）
2026-09-30 18:19:35 INFO    跳过 t850_2000.nc（已存在）
2026-09-30 18:19:35 INFO    跳过 t850_2001.nc（已存在）
2026-09-30 18:19:35 INFO    跳过 t850_2002.nc（已存在）
2026-09-30 18:19:35 INFO    跳过 t850_2003.nc（已存在）
2026-09-30 18:19:35 INFO    跳过 t850_2004.nc（已存在）
2026-09-30 18:19:35 INFO    跳过 t850_2005.nc（已存在）
2026-09-30 18:19:35 INFO    跳过 t850_2006.nc（已存在）
2026-09-30 18:19:35 INFO    跳过 t850_2007.nc（已存在）
2026-09-30 18:19:35 INFO    跳过 t850_2008.nc（已存在）
2026-09-30 18:19:35 INFO    跳过 t850_2009.nc（已存在）
2026-09-30 18:19:35 INFO    跳过 t850_2010.nc（已存在）
2026-09-30 18:19:35 INFO    跳过 t850_2011.nc（已存在）
2026-09-30 18:19:35 INFO    跳过 t850_2012.nc（已存在）
2026-09-30 18:19:35 INFO    跳过 t850_2013.nc（已存在）
2026-09-30 18:19:58 INFO    写出 d2m_1982.nc  (0.3 MB, 123 天)
2026-09-30 18:22:20 INFO    写出 swvl1_2000.nc  (0.5 MB, 123 天)
2026-09-30 18:22:45 INFO    写出 tp_2013.nc  (0.4 MB, 123 天)
2026-09-30 18:22:58 INFO    写出 v850_2003.nc  (60.7 MB, 123 天)
2026-09-30 18:23:06 INFO    写出 u850_2005.nc  (59.2 MB, 123 天)
2026-09-30 18:23:20 INFO    写出 t850_2014.nc  (39.9 MB, 123 天)
2026-09-30 18:23:31 INFO    写出 d2m_1983.nc  (0.3 MB, 123 天)
2026-09-30 18:26:02 INFO    写出 swvl1_2001.nc  (0.5 MB, 123 天)
2026-09-30 18:26:22 INFO    写出 v850_2004.nc  (60.7 MB, 123 天)
2026-09-30 18:26:45 INFO    写出 t850_2015.nc  (39.9 MB, 123 天)
2026-09-30 18:26:48 INFO    写出 u850_2006.nc  (59.3 MB, 123 天)
2026-09-30 18:26:50 INFO    写出 d2m_1984.nc  (0.3 MB, 123 天)
2026-09-30 18:31:46 INFO    写出 v850_2005.nc  (60.8 MB, 123 天)
2026-09-30 18:31:46 INFO    写出 t850_2016.nc  (39.8 MB, 123 天)
2026-09-30 18:31:51 INFO    写出 tp_2014.nc  (0.4 MB, 123 天)
2026-09-30 18:31:55 INFO    写出 swvl1_2002.nc  (0.5 MB, 123 天)
2026-09-30 18:31:56 INFO    写出 u850_2007.nc  (59.1 MB, 123 天)
2026-09-30 18:34:54 INFO    写出 d2m_1985.nc  (0.3 MB, 123 天)
2026-09-30 18:35:06 INFO    写出 v850_2006.nc  (60.7 MB, 123 天)
2026-09-30 18:35:08 INFO    写出 t850_2017.nc  (39.8 MB, 123 天)
2026-09-30 18:35:29 INFO    写出 tp_2015.nc  (0.5 MB, 123 天)
2026-09-30 18:35:38 INFO    写出 swvl1_2003.nc  (0.5 MB, 123 天)
2026-09-30 18:35:39 INFO    写出 u850_2008.nc  (59.1 MB, 123 天)
2026-09-30 18:38:25 INFO    写出 d2m_1986.nc  (0.3 MB, 123 天)
2026-09-30 18:38:43 INFO    写出 v850_2007.nc  (60.7 MB, 123 天)
2026-09-30 18:38:45 INFO    写出 t850_2018.nc  (39.8 MB, 123 天)
2026-09-30 18:39:17 INFO    写出 tp_2016.nc  (0.5 MB, 123 天)
2026-09-30 18:39:26 INFO    写出 swvl1_2004.nc  (0.5 MB, 123 天)
2026-09-30 18:39:29 INFO    写出 u850_2009.nc  (59.4 MB, 123 天)
2026-09-30 18:42:50 ERROR   1987 失败：object store error dispatch failure: timeout: client error (Connect): HTTP connect timeout occurred after 3.1s: timed out

context:
   0: icechunk::asset_manager::fetch_chunk
           with chunk_id=C03GABK2A60NTCQVDNK0 range=0..90309118
             at icechunk/src/asset_manager.rs:963
   1: icechunk::store::get
           with key="single/0p25latx0p25lon/td2m/c/577/0/0" byte_range=From(0)
             at icechunk/src/store.rs:183
2026-09-30 18:42:50 ERROR   2019 失败：object store error dispatch failure: timeout: client error (Connect): HTTP connect timeout occurred after 3.1s: timed out

context:
   0: icechunk::asset_manager::fetch_chunk
           with chunk_id=4T5VC3HB4TWBYQZ5FYDG range=0..92518292
             at icechunk/src/asset_manager.rs:963
   1: icechunk::store::get
           with key="pressure/0p25latx0p25lon/t/c/966/7/0/0" byte_range=From(0)
             at icechunk/src/store.rs:183
2026-09-30 18:42:53 ERROR   2008 失败：object store error dispatch failure: timeout: client error (Connect): HTTP connect timeout occurred after 3.1s: timed out

context:
   0: icechunk::asset_manager::fetch_chunk
           with chunk_id=ECPK2MRYXPRVTTYTJVM0 range=0..114173437
             at icechunk/src/asset_manager.rs:963
   1: icechunk::store::get
           with key="pressure/0p25latx0p25lon/v/c/831/7/0/0" byte_range=From(0)
             at icechunk/src/store.rs:183
2026-09-30 18:42:53 ERROR   2010 失败：object store error dispatch failure: timeout: client error (Connect): HTTP connect timeout occurred after 3.1s: timed out

context:
   0: icechunk::asset_manager::fetch_chunk
           with chunk_id=6RB586TDK3SM6DHZZDPG range=0..112900451
             at icechunk/src/asset_manager.rs:963
   1: icechunk::store::get
           with key="pressure/0p25latx0p25lon/u/c/854/7/0/0" byte_range=From(0)
             at icechunk/src/store.rs:183
2026-09-30 18:42:53 ERROR   2017 失败：object store error dispatch failure: timeout: client error (Connect): HTTP connect timeout occurred after 3.1s: timed out

context:
   0: icechunk::asset_manager::fetch_chunk
           with chunk_id=VNWQS558JKDPETKCT630 range=0..74620056
             at icechunk/src/asset_manager.rs:963
   1: icechunk::store::get
           with key="single/0p25latx0p25lon/pr/c/941/0/0" byte_range=From(0)
             at icechunk/src/store.rs:183
2026-09-30 18:42:56 ERROR   2005 失败：object store error dispatch failure: timeout: client error (Connect): HTTP connect timeout occurred after 3.1s: timed out

context:
   0: icechunk::asset_manager::fetch_chunk
           with chunk_id=XC92VXR2MXERQAX3KCK0 range=0..37850893
             at icechunk/src/asset_manager.rs:963
   1: icechunk::store::get
           with key="single/0p25latx0p25lon/swv_1/c/792/0/0" byte_range=From(0)
             at icechunk/src/store.rs:183
2026-09-30 18:45:07 ERROR   1988 失败：object store error dispatch failure: timeout: client error (Connect): HTTP connect timeout occurred after 3.1s: timed out

context:
   0: icechunk::asset_manager::fetch_chunk
           with chunk_id=C0BSQB8SANRGD496N120 range=0..90495714
             at icechunk/src/asset_manager.rs:963
   1: icechunk::store::get
           with key="single/0p25latx0p25lon/td2m/c/585/0/0" byte_range=From(0)
             at icechunk/src/store.rs:183
2026-09-30 18:45:07 ERROR   2020 失败：object store error dispatch failure: timeout: client error (Connect): HTTP connect timeout occurred after 3.1s: timed out

context:
   0: icechunk::asset_manager::fetch_chunk
           with chunk_id=BKFQTX794DXDQHQ7VAN0 range=0..92699673
             at icechunk/src/asset_manager.rs:963
   1: icechunk::store::get
           with key="pressure/0p25latx0p25lon/t/c/976/7/0/0" byte_range=From(0)
             at icechunk/src/store.rs:183
2026-09-30 18:45:10 ERROR   2009 失败：object store error dispatch failure: timeout: client error (Connect): HTTP connect timeout occurred after 3.1s: timed out

context:
   0: icechunk::asset_manager::fetch_chunk
           with chunk_id=4XMP238CSA4XKJPT3N70 range=0..114045388
             at icechunk/src/asset_manager.rs:963
   1: icechunk::store::get
           with key="pressure/0p25latx0p25lon/v/c/844/7/0/0" byte_range=From(0)
             at icechunk/src/store.rs:183
2026-09-30 18:45:10 ERROR   2011 失败：object store error dispatch failure: timeout: client error (Connect): HTTP connect timeout occurred after 3.1s: timed out

context:
   0: icechunk::asset_manager::fetch_chunk
           with chunk_id=49P3G8T1DSPGMEG3ADWG range=0..113347423
             at icechunk/src/asset_manager.rs:963
   1: icechunk::store::get
           with key="pressure/0p25latx0p25lon/u/c/868/7/0/0" byte_range=From(0)
             at icechunk/src/store.rs:183
2026-09-30 18:45:10 ERROR   2018 失败：object store error dispatch failure: timeout: client error (Connect): HTTP connect timeout occurred after 3.1s: timed out

context:
   0: icechunk::asset_manager::fetch_chunk
           with chunk_id=AK551PZAF4C3Z4J6YRZ0 range=0..74746052
             at icechunk/src/asset_manager.rs:963
   1: icechunk::store::get
           with key="single/0p25latx0p25lon/pr/c/953/0/0" byte_range=From(0)
             at icechunk/src/store.rs:183
2026-09-30 18:45:13 ERROR   2006 失败：object store error dispatch failure: timeout: client error (Connect): HTTP connect timeout occurred after 3.1s: timed out

context:
   0: icechunk::asset_manager::fetch_chunk
           with chunk_id=3D0SHCQCPV7VJ4GD085G range=0..37604182
             at icechunk/src/asset_manager.rs:963
   1: icechunk::store::get
           with key="single/0p25latx0p25lon/swv_1/c/807/0/0" byte_range=From(0)
             at icechunk/src/store.rs:183
2026-09-30 18:47:25 ERROR   2021 失败：object store error dispatch failure: timeout: client error (Connect): HTTP connect timeout occurred after 3.1s: timed out

context:
   0: icechunk::asset_manager::fetch_chunk
           with chunk_id=RH1CPMGK4DWGG8S41PVG range=0..92613638
             at icechunk/src/asset_manager.rs:963
   1: icechunk::store::get
           with key="pressure/0p25latx0p25lon/t/c/990/7/0/0" byte_range=From(0)
             at icechunk/src/store.rs:183
2026-09-30 18:47:25 ERROR   1989 失败：object store error dispatch failure: timeout: client error (Connect): HTTP connect timeout occurred after 3.1s: timed out

context:
   0: icechunk::asset_manager::fetch_chunk
           with chunk_id=KWK8V6VYFZW5HEVBA1W0 range=0..89883587
             at icechunk/src/asset_manager.rs:963
   1: icechunk::store::get
           with key="single/0p25latx0p25lon/td2m/c/601/0/0" byte_range=From(0)
             at icechunk/src/store.rs:183
2026-09-30 18:47:28 ERROR   2012 失败：object store error dispatch failure: timeout: client error (Connect): HTTP connect timeout occurred after 3.1s: timed out

context:
   0: icechunk::asset_manager::fetch_chunk
           with chunk_id=CK0Z6PDY4RWQDJKTWSN0 range=0..113012531
             at icechunk/src/asset_manager.rs:963
   1: icechunk::store::get
           with key="pressure/0p25latx0p25lon/u/c/877/7/0/0" byte_range=From(0)
             at icechunk/src/store.rs:183
2026-09-30 18:47:28 ERROR   2010 失败：object store error dispatch failure: timeout: client error (Connect): HTTP connect timeout occurred after 3.1s: timed out

context:
   0: icechunk::asset_manager::fetch_chunk
           with chunk_id=0KYT2PYMRHEHMEVPGE50 range=0..113889526
             at icechunk/src/asset_manager.rs:963
   1: icechunk::store::get
           with key="pressure/0p25latx0p25lon/v/c/857/7/0/0" byte_range=From(0)
             at icechunk/src/store.rs:183
2026-09-30 18:47:28 ERROR   2019 失败：object store error dispatch failure: timeout: client error (Connect): HTTP connect timeout occurred after 3.1s: timed out

context:
   0: icechunk::asset_manager::fetch_chunk
           with chunk_id=P4TTNHK8VMDA7CCZFX20 range=0..73798759
             at icechunk/src/asset_manager.rs:963
   1: icechunk::store::get
           with key="single/0p25latx0p25lon/pr/c/965/0/0" byte_range=From(0)
             at icechunk/src/store.rs:183
2026-09-30 18:47:31 ERROR   2007 失败：object store error dispatch failure: timeout: client error (Connect): HTTP connect timeout occurred after 3.1s: timed out

context:
   0: icechunk::asset_manager::fetch_chunk
           with chunk_id=0Y20GNRTK5S1MTM52320 range=0..37610878
             at icechunk/src/asset_manager.rs:963
   1: icechunk::store::get
           with key="single/0p25latx0p25lon/swv_1/c/818/0/0" byte_range=From(0)
             at icechunk/src/store.rs:183
2026-09-30 18:49:42 ERROR   1990 失败：object store error dispatch failure: timeout: client error (Connect): HTTP connect timeout occurred after 3.1s: timed out

context:
   0: icechunk::asset_manager::fetch_chunk
           with chunk_id=GJR7MG2T28XSRXFV9XEG range=0..90826182
             at icechunk/src/asset_manager.rs:963
   1: icechunk::store::get
           with key="single/0p25latx0p25lon/td2m/c/609/0/0" byte_range=From(0)
             at icechunk/src/store.rs:183
2026-09-30 18:49:42 ERROR   2022 失败：object store error dispatch failure: timeout: client error (Connect): HTTP connect timeout occurred after 3.1s: timed out

context:
   0: icechunk::asset_manager::fetch_chunk
           with chunk_id=M35FAQ6FTF011PC7PCEG range=0..93012826
             at icechunk/src/asset_manager.rs:963
   1: icechunk::store::get
           with key="pressure/0p25latx0p25lon/t/c/1000/7/0/0" byte_range=From(0)
             at icechunk/src/store.rs:183
2026-09-30 18:49:45 ERROR   2011 失败：object store error dispatch failure: timeout: client error (Connect): HTTP connect timeout occurred after 3.1s: timed out

context:
   0: icechunk::asset_manager::fetch_chunk
           with chunk_id=Y0H3QCXVKP8FBJTB20X0 range=0..113924261
             at icechunk/src/asset_manager.rs:963
   1: icechunk::store::get
           with key="pressure/0p25latx0p25lon/v/c/869/7/0/0" byte_range=From(0)
             at icechunk/src/store.rs:183
2026-09-30 18:49:45 ERROR   2013 失败：object store error dispatch failure: timeout: client error (Connect): HTTP connect timeout occurred after 3.1s: timed out

context:
   0: icechunk::asset_manager::fetch_chunk
           with chunk_id=EWKXSBD4JTHB9F77RG60 range=0..113017304
             at icechunk/src/asset_manager.rs:963
   1: icechunk::store::get
           with key="pressure/0p25latx0p25lon/u/c/892/7/0/0" byte_range=From(0)
             at icechunk/src/store.rs:183
2026-09-30 18:49:45 ERROR   2020 失败：object store error dispatch failure: timeout: client error (Connect): HTTP connect timeout occurred after 3.1s: timed out

context:
   0: icechunk::asset_manager::fetch_chunk
           with chunk_id=0M311V06FH508S3AVNJ0 range=0..72714172
             at icechunk/src/asset_manager.rs:963
   1: icechunk::store::get
           with key="single/0p25latx0p25lon/pr/c/975/0/0" byte_range=From(0)
             at icechunk/src/store.rs:183
2026-09-30 18:49:48 ERROR   2008 失败：object store error dispatch failure: timeout: client error (Connect): HTTP connect timeout occurred after 3.1s: timed out

context:
   0: icechunk::asset_manager::fetch_chunk
           with chunk_id=E493WKNS0VF16D2VSRGG range=0..37602927
             at icechunk/src/asset_manager.rs:963
   1: icechunk::store::get
           with key="single/0p25latx0p25lon/swv_1/c/832/0/0" byte_range=From(0)
             at icechunk/src/store.rs:183
2026-09-30 18:51:59 ERROR   1991 失败：object store error dispatch failure: timeout: client error (Connect): HTTP connect timeout occurred after 3.1s: timed out

context:
   0: icechunk::asset_manager::fetch_chunk
           with chunk_id=PSF68P58H2M5DC31R8YG range=0..89511045
             at icechunk/src/asset_manager.rs:963
   1: icechunk::store::get
           with key="single/0p25latx0p25lon/td2m/c/625/0/0" byte_range=From(0)
             at icechunk/src/store.rs:183
2026-09-30 18:51:59 ERROR   2023 失败：object store error dispatch failure: timeout: client error (Connect): HTTP connect timeout occurred after 3.1s: timed out

context:
   0: icechunk::asset_manager::fetch_chunk
           with chunk_id=TXXFZ0TAMVSA07P2W64G range=0..92482762
             at icechunk/src/asset_manager.rs:963
   1: icechunk::store::get
           with key="pressure/0p25latx0p25lon/t/c/1014/7/0/0" byte_range=From(0)
             at icechunk/src/store.rs:183
2026-09-30 18:52:02 ERROR   2012 失败：object store error dispatch failure: timeout: client error (Connect): HTTP connect timeout occurred after 3.1s: timed out

context:
   0: icechunk::asset_manager::fetch_chunk
           with chunk_id=KDG7SHSYPSEBPKYNQM1G range=0..114210927
             at icechunk/src/asset_manager.rs:963
   1: icechunk::store::get
           with key="pressure/0p25latx0p25lon/v/c/879/7/0/0" byte_range=From(0)
             at icechunk/src/store.rs:183
2026-09-30 18:52:02 ERROR   2014 失败：object store error dispatch failure: timeout: client error (Connect): HTTP connect timeout occurred after 3.1s: timed out

context:
   0: icechunk::asset_manager::fetch_chunk
           with chunk_id=KFGGS7B4F9W5TXC78390 range=0..112915175
             at icechunk/src/asset_manager.rs:963
   1: icechunk::store::get
           with key="pressure/0p25latx0p25lon/u/c/902/7/0/0" byte_range=From(0)
             at icechunk/src/store.rs:183
2026-09-30 18:52:03 ERROR   2021 失败：object store error dispatch failure: timeout: client error (Connect): HTTP connect timeout occurred after 3.1s: timed out

context:
   0: icechunk::asset_manager::fetch_chunk
           with chunk_id=D6GKGTPE6DV3JCW3F5X0 range=0..73905579
             at icechunk/src/asset_manager.rs:963
   1: icechunk::store::get
           with key="single/0p25latx0p25lon/pr/c/991/0/0" byte_range=From(0)
             at icechunk/src/store.rs:183
2026-09-30 18:52:06 ERROR   2009 失败：object store error dispatch failure: timeout: client error (Connect): HTTP connect timeout occurred after 3.1s: timed out

context:
   0: icechunk::asset_manager::fetch_chunk
           with chunk_id=57T7FFTG4M87JK431FQ0 range=0..37924488
             at icechunk/src/asset_manager.rs:963
   1: icechunk::store::get
           with key="single/0p25latx0p25lon/swv_1/c/841/0/0" byte_range=From(0)
             at icechunk/src/store.rs:183
2026-09-30 18:54:17 ERROR   1992 失败：object store error dispatch failure: timeout: client error (Connect): HTTP connect timeout occurred after 3.1s: timed out

context:
   0: icechunk::asset_manager::fetch_chunk
           with chunk_id=A1GWKZ63WXGJFS0M9DHG range=0..90735231
             at icechunk/src/asset_manager.rs:963
   1: icechunk::store::get
           with key="single/0p25latx0p25lon/td2m/c/634/0/0" byte_range=From(0)
             at icechunk/src/store.rs:183
2026-09-30 18:54:17 ERROR   2024 失败：object store error dispatch failure: timeout: client error (Connect): HTTP connect timeout occurred after 3.1s: timed out

context:
   0: icechunk::asset_manager::fetch_chunk
           with chunk_id=YCTC09QNV55Q90FDVBYG range=0..92710726
             at icechunk/src/asset_manager.rs:963
   1: icechunk::store::get
           with key="pressure/0p25latx0p25lon/t/c/1025/7/0/0" byte_range=From(0)
             at icechunk/src/store.rs:183
2026-09-30 18:54:18 INFO    跳过 d2m_1993.nc（已存在）
2026-09-30 18:54:18 INFO    跳过 d2m_1994.nc（已存在）
2026-09-30 18:54:18 INFO    跳过 d2m_1995.nc（已存在）
2026-09-30 18:54:18 INFO    跳过 d2m_1996.nc（已存在）
2026-09-30 18:54:18 INFO    跳过 d2m_1997.nc（已存在）
2026-09-30 18:54:18 INFO    跳过 d2m_1998.nc（已存在）
2026-09-30 18:54:18 INFO    跳过 d2m_1999.nc（已存在）
2026-09-30 18:54:18 INFO    跳过 d2m_2000.nc（已存在）
2026-09-30 18:54:18 INFO    跳过 d2m_2001.nc（已存在）
2026-09-30 18:54:18 INFO    跳过 d2m_2002.nc（已存在）
2026-09-30 18:54:18 INFO    跳过 d2m_2003.nc（已存在）
2026-09-30 18:54:18 INFO    跳过 d2m_2004.nc（已存在）
2026-09-30 18:54:18 INFO    跳过 d2m_2005.nc（已存在）
2026-09-30 18:54:18 INFO    跳过 d2m_2006.nc（已存在）
2026-09-30 18:54:18 INFO    跳过 d2m_2007.nc（已存在）
2026-09-30 18:54:18 INFO    跳过 d2m_2008.nc（已存在）
2026-09-30 18:54:18 INFO    跳过 d2m_2009.nc（已存在）
2026-09-30 18:54:18 INFO    跳过 d2m_2010.nc（已存在）
2026-09-30 18:54:18 INFO    跳过 d2m_2011.nc（已存在）
2026-09-30 18:54:18 INFO    跳过 d2m_2012.nc（已存在）
2026-09-30 18:54:18 INFO    跳过 d2m_2013.nc（已存在）
2026-09-30 18:54:18 INFO    跳过 d2m_2014.nc（已存在）
2026-09-30 18:54:18 INFO    跳过 d2m_2015.nc（已存在）
2026-09-30 18:54:18 INFO    跳过 d2m_2016.nc（已存在）
2026-09-30 18:54:18 INFO    跳过 d2m_2017.nc（已存在）
2026-09-30 18:54:18 INFO    跳过 d2m_2018.nc（已存在）
2026-09-30 18:54:18 INFO    跳过 d2m_2019.nc（已存在）
2026-09-30 18:54:18 INFO    跳过 d2m_2020.nc（已存在）
2026-09-30 18:54:18 INFO    跳过 d2m_2021.nc（已存在）
2026-09-30 18:54:18 INFO    跳过 d2m_2022.nc（已存在）
2026-09-30 18:54:18 INFO    跳过 d2m_2023.nc（已存在）
2026-09-30 18:54:18 INFO    跳过 d2m_2024.nc（已存在）
2026-09-30 18:54:18 INFO    跳过 d2m_2025.nc（已存在）
2026-09-30 18:54:20 ERROR   2015 失败：object store error dispatch failure: timeout: client error (Connect): HTTP connect timeout occurred after 3.1s: timed out

context:
   0: icechunk::asset_manager::fetch_chunk
           with chunk_id=P52YEPAXB9E0V607NXSG range=0..113152481
             at icechunk/src/asset_manager.rs:963
   1: icechunk::store::get
           with key="pressure/0p25latx0p25lon/u/c/915/7/0/0" byte_range=From(0)
             at icechunk/src/store.rs:183
2026-09-30 18:54:20 ERROR   2013 失败：object store error dispatch failure: timeout: client error (Connect): HTTP connect timeout occurred after 3.1s: timed out

context:
   0: icechunk::asset_manager::fetch_chunk
           with chunk_id=JEEKSB7TTRNNTRZ78RPG range=0..114269988
             at icechunk/src/asset_manager.rs:963
   1: icechunk::store::get
           with key="pressure/0p25latx0p25lon/v/c/893/7/0/0" byte_range=From(0)
             at icechunk/src/store.rs:183
2026-09-30 18:54:20 ERROR   2022 失败：object store error dispatch failure: timeout: client error (Connect): HTTP connect timeout occurred after 3.1s: timed out

context:
   0: icechunk::asset_manager::fetch_chunk
           with chunk_id=68Z4TQ45Z38AKM6S4HK0 range=0..75059802
             at icechunk/src/asset_manager.rs:963
   1: icechunk::store::get
           with key="single/0p25latx0p25lon/pr/c/1002/0/0" byte_range=From(0)
             at icechunk/src/store.rs:183
2026-09-30 18:54:23 ERROR   2010 失败：object store error dispatch failure: timeout: client error (Connect): HTTP connect timeout occurred after 3.1s: timed out

context:
   0: icechunk::asset_manager::fetch_chunk
           with chunk_id=V0FPA4FT3KDFZM0A2YR0 range=0..37435011
             at icechunk/src/asset_manager.rs:963
   1: icechunk::store::get
           with key="single/0p25latx0p25lon/swv_1/c/854/0/0" byte_range=From(0)
             at icechunk/src/store.rs:183
2026-09-30 18:56:34 ERROR   2025 失败：object store error dispatch failure: timeout: client error (Connect): HTTP connect timeout occurred after 3.1s: timed out

context:
   0: icechunk::asset_manager::fetch_chunk
           with chunk_id=HF4P6M95MH30JY11X25G range=0..92618348
             at icechunk/src/asset_manager.rs:963
   1: icechunk::store::get
           with key="pressure/0p25latx0p25lon/t/c/1037/7/0/0" byte_range=From(0)
             at icechunk/src/store.rs:183
2026-09-30 18:56:37 ERROR   2014 失败：object store error dispatch failure: timeout: client error (Connect): HTTP connect timeout occurred after 3.1s: timed out

context:
   0: icechunk::asset_manager::fetch_chunk
           with chunk_id=XMHJN0QA3ZY3D3EVE1C0 range=0..114138556
             at icechunk/src/asset_manager.rs:963
   1: icechunk::store::get
           with key="pressure/0p25latx0p25lon/v/c/902/7/0/0" byte_range=From(0)
             at icechunk/src/store.rs:183
2026-09-30 18:56:37 ERROR   2016 失败：object store error dispatch failure: timeout: client error (Connect): HTTP connect timeout occurred after 3.1s: timed out

context:
   0: icechunk::asset_manager::fetch_chunk
           with chunk_id=N019QE18NA92W6A8NCSG range=0..113092448
             at icechunk/src/asset_manager.rs:963
   1: icechunk::store::get
           with key="pressure/0p25latx0p25lon/u/c/927/7/0/0" byte_range=From(0)
             at icechunk/src/store.rs:183
2026-09-30 18:56:38 ERROR   2023 失败：object store error dispatch failure: timeout: client error (Connect): HTTP connect timeout occurred after 3.1s: timed out

context:
   0: icechunk::asset_manager::fetch_chunk
           with chunk_id=APHT664MS2MP35FT22JG range=0..71982348
             at icechunk/src/asset_manager.rs:963
   1: icechunk::store::get
           with key="single/0p25latx0p25lon/pr/c/1011/0/0" byte_range=From(0)
             at icechunk/src/store.rs:183
2026-09-30 18:56:41 ERROR   2011 失败：object store error dispatch failure: timeout: client error (Connect): HTTP connect timeout occurred after 3.1s: timed out

context:
   0: icechunk::asset_manager::fetch_chunk
           with chunk_id=316NNTTRECF3CZBKVJ10 range=0..37377036
             at icechunk/src/asset_manager.rs:963
   1: icechunk::store::get
           with key="single/0p25latx0p25lon/swv_1/c/867/0/0" byte_range=From(0)
             at icechunk/src/store.rs:183
2026-09-30 18:58:20 INFO    t850  源=planette  年=1981-2025  月=[5, 6, 7, 8]
2026-09-30 18:58:32 INFO    t850  源=planette  年=1981-2025  月=[5, 6, 7, 8]
2026-09-30 18:58:36 INFO    跳过 t850_1981.nc（已存在）
2026-09-30 18:58:36 INFO    跳过 t850_1982.nc（已存在）
2026-09-30 18:58:36 INFO    跳过 t850_1983.nc（已存在）
2026-09-30 18:58:36 INFO    跳过 t850_1984.nc（已存在）
2026-09-30 18:58:36 INFO    跳过 t850_1985.nc（已存在）
2026-09-30 18:58:36 INFO    跳过 t850_1986.nc（已存在）
2026-09-30 18:58:36 INFO    跳过 t850_1987.nc（已存在）
2026-09-30 18:58:36 INFO    跳过 t850_1988.nc（已存在）
2026-09-30 18:58:36 INFO    跳过 t850_1989.nc（已存在）
2026-09-30 18:58:36 INFO    跳过 t850_1990.nc（已存在）
2026-09-30 18:58:36 INFO    跳过 t850_1991.nc（已存在）
2026-09-30 18:58:36 INFO    跳过 t850_1992.nc（已存在）
2026-09-30 18:58:36 INFO    跳过 t850_1993.nc（已存在）
2026-09-30 18:58:36 INFO    跳过 t850_1994.nc（已存在）
2026-09-30 18:58:36 INFO    跳过 t850_1995.nc（已存在）
2026-09-30 18:58:36 INFO    跳过 t850_1996.nc（已存在）
2026-09-30 18:58:36 INFO    跳过 t850_1997.nc（已存在）
2026-09-30 18:58:36 INFO    跳过 t850_1998.nc（已存在）
2026-09-30 18:58:36 INFO    跳过 t850_1999.nc（已存在）
2026-09-30 18:58:36 INFO    跳过 t850_2000.nc（已存在）
2026-09-30 18:58:36 INFO    跳过 t850_2001.nc（已存在）
2026-09-30 18:58:36 INFO    跳过 t850_2002.nc（已存在）
2026-09-30 18:58:36 INFO    跳过 t850_2003.nc（已存在）
2026-09-30 18:58:36 INFO    跳过 t850_2004.nc（已存在）
2026-09-30 18:58:36 INFO    跳过 t850_2005.nc（已存在）
2026-09-30 18:58:36 INFO    跳过 t850_2006.nc（已存在）
2026-09-30 18:58:36 INFO    跳过 t850_2007.nc（已存在）
2026-09-30 18:58:36 INFO    跳过 t850_2008.nc（已存在）
2026-09-30 18:58:36 INFO    跳过 t850_2009.nc（已存在）
2026-09-30 18:58:36 INFO    跳过 t850_2010.nc（已存在）
2026-09-30 18:58:36 INFO    跳过 t850_2011.nc（已存在）
2026-09-30 18:58:36 INFO    跳过 t850_2012.nc（已存在）
2026-09-30 18:58:36 INFO    跳过 t850_2013.nc（已存在）
2026-09-30 18:58:36 INFO    跳过 t850_2014.nc（已存在）
2026-09-30 18:58:36 INFO    跳过 t850_2015.nc（已存在）
2026-09-30 18:58:36 INFO    跳过 t850_2016.nc（已存在）
2026-09-30 18:58:36 INFO    跳过 t850_2017.nc（已存在）
2026-09-30 18:58:36 INFO    跳过 t850_2018.nc（已存在）
2026-09-30 18:58:36 INFO    swvl1  源=planette  年=1981-2025  月=[5, 6, 7, 8]
2026-09-30 18:58:40 INFO    tp  源=planette  年=1981-2025  月=[5, 6, 7, 8]
2026-09-30 18:58:44 INFO    u850  源=planette  年=1981-2025  月=[5, 6, 7, 8]
2026-09-30 18:58:45 INFO    跳过 swvl1_1981.nc（已存在）
2026-09-30 18:58:45 INFO    跳过 swvl1_1982.nc（已存在）
2026-09-30 18:58:45 INFO    跳过 swvl1_1983.nc（已存在）
2026-09-30 18:58:45 INFO    跳过 swvl1_1984.nc（已存在）
2026-09-30 18:58:45 INFO    跳过 swvl1_1985.nc（已存在）
2026-09-30 18:58:45 INFO    跳过 swvl1_1986.nc（已存在）
2026-09-30 18:58:45 INFO    跳过 swvl1_1987.nc（已存在）
2026-09-30 18:58:45 INFO    跳过 swvl1_1988.nc（已存在）
2026-09-30 18:58:45 INFO    跳过 swvl1_1989.nc（已存在）
2026-09-30 18:58:45 INFO    跳过 swvl1_1990.nc（已存在）
2026-09-30 18:58:45 INFO    跳过 swvl1_1991.nc（已存在）
2026-09-30 18:58:45 INFO    跳过 swvl1_1992.nc（已存在）
2026-09-30 18:58:45 INFO    跳过 swvl1_1993.nc（已存在）
2026-09-30 18:58:45 INFO    跳过 swvl1_1994.nc（已存在）
2026-09-30 18:58:45 INFO    跳过 swvl1_1995.nc（已存在）
2026-09-30 18:58:45 INFO    跳过 swvl1_1996.nc（已存在）
2026-09-30 18:58:45 INFO    跳过 swvl1_1997.nc（已存在）
2026-09-30 18:58:45 INFO    跳过 swvl1_1998.nc（已存在）
2026-09-30 18:58:45 INFO    跳过 swvl1_1999.nc（已存在）
2026-09-30 18:58:45 INFO    跳过 swvl1_2000.nc（已存在）
2026-09-30 18:58:45 INFO    跳过 swvl1_2001.nc（已存在）
2026-09-30 18:58:45 INFO    跳过 swvl1_2002.nc（已存在）
2026-09-30 18:58:45 INFO    跳过 swvl1_2003.nc（已存在）
2026-09-30 18:58:45 INFO    跳过 swvl1_2004.nc（已存在）
2026-09-30 18:58:49 INFO    v850  源=planette  年=1981-2025  月=[5, 6, 7, 8]
2026-09-30 18:58:49 INFO    跳过 tp_1981.nc（已存在）
2026-09-30 18:58:49 INFO    跳过 tp_1982.nc（已存在）
2026-09-30 18:58:49 INFO    跳过 tp_1983.nc（已存在）
2026-09-30 18:58:49 INFO    跳过 tp_1984.nc（已存在）
2026-09-30 18:58:49 INFO    跳过 tp_1985.nc（已存在）
2026-09-30 18:58:49 INFO    跳过 tp_1986.nc（已存在）
2026-09-30 18:58:49 INFO    跳过 tp_1987.nc（已存在）
2026-09-30 18:58:49 INFO    跳过 tp_1988.nc（已存在）
2026-09-30 18:58:49 INFO    跳过 tp_1989.nc（已存在）
2026-09-30 18:58:49 INFO    跳过 tp_1990.nc（已存在）
2026-09-30 18:58:49 INFO    跳过 tp_1991.nc（已存在）
2026-09-30 18:58:49 INFO    跳过 tp_1992.nc（已存在）
2026-09-30 18:58:49 INFO    跳过 tp_1993.nc（已存在）
2026-09-30 18:58:49 INFO    跳过 tp_1994.nc（已存在）
2026-09-30 18:58:49 INFO    跳过 tp_1995.nc（已存在）
2026-09-30 18:58:49 INFO    跳过 tp_1996.nc（已存在）
2026-09-30 18:58:49 INFO    跳过 tp_1997.nc（已存在）
2026-09-30 18:58:49 INFO    跳过 tp_1998.nc（已存在）
2026-09-30 18:58:49 INFO    跳过 tp_1999.nc（已存在）
2026-09-30 18:58:49 INFO    跳过 tp_2000.nc（已存在）
2026-09-30 18:58:49 INFO    跳过 tp_2001.nc（已存在）
2026-09-30 18:58:49 INFO    跳过 tp_2002.nc（已存在）
2026-09-30 18:58:49 INFO    跳过 tp_2003.nc（已存在）
2026-09-30 18:58:49 INFO    跳过 tp_2004.nc（已存在）
2026-09-30 18:58:49 INFO    跳过 tp_2005.nc（已存在）
2026-09-30 18:58:49 INFO    跳过 tp_2006.nc（已存在）
2026-09-30 18:58:49 INFO    跳过 tp_2007.nc（已存在）
2026-09-30 18:58:49 INFO    跳过 tp_2008.nc（已存在）
2026-09-30 18:58:49 INFO    跳过 tp_2009.nc（已存在）
2026-09-30 18:58:49 INFO    跳过 tp_2010.nc（已存在）
2026-09-30 18:58:49 INFO    跳过 tp_2011.nc（已存在）
2026-09-30 18:58:49 INFO    跳过 tp_2012.nc（已存在）
2026-09-30 18:58:49 INFO    跳过 tp_2013.nc（已存在）
2026-09-30 18:58:49 INFO    跳过 tp_2014.nc（已存在）
2026-09-30 18:58:49 INFO    跳过 tp_2015.nc（已存在）
2026-09-30 18:58:49 INFO    跳过 tp_2016.nc（已存在）
2026-09-30 18:58:51 INFO    跳过 u850_1981.nc（已存在）
2026-09-30 18:58:51 INFO    跳过 u850_1982.nc（已存在）
2026-09-30 18:58:51 INFO    跳过 u850_1983.nc（已存在）
2026-09-30 18:58:51 INFO    跳过 u850_1984.nc（已存在）
2026-09-30 18:58:51 INFO    跳过 u850_1985.nc（已存在）
2026-09-30 18:58:51 INFO    跳过 u850_1986.nc（已存在）
2026-09-30 18:58:51 INFO    跳过 u850_1987.nc（已存在）
2026-09-30 18:58:51 INFO    跳过 u850_1988.nc（已存在）
2026-09-30 18:58:51 INFO    跳过 u850_1989.nc（已存在）
2026-09-30 18:58:51 INFO    跳过 u850_1990.nc（已存在）
2026-09-30 18:58:51 INFO    跳过 u850_1991.nc（已存在）
2026-09-30 18:58:51 INFO    跳过 u850_1992.nc（已存在）
2026-09-30 18:58:51 INFO    跳过 u850_1993.nc（已存在）
2026-09-30 18:58:51 INFO    跳过 u850_1994.nc（已存在）
2026-09-30 18:58:51 INFO    跳过 u850_1995.nc（已存在）
2026-09-30 18:58:51 INFO    跳过 u850_1996.nc（已存在）
2026-09-30 18:58:51 INFO    跳过 u850_1997.nc（已存在）
2026-09-30 18:58:51 INFO    跳过 u850_1998.nc（已存在）
2026-09-30 18:58:51 INFO    跳过 u850_1999.nc（已存在）
2026-09-30 18:58:51 INFO    跳过 u850_2000.nc（已存在）
2026-09-30 18:58:51 INFO    跳过 u850_2001.nc（已存在）
2026-09-30 18:58:51 INFO    跳过 u850_2002.nc（已存在）
2026-09-30 18:58:51 INFO    跳过 u850_2003.nc（已存在）
2026-09-30 18:58:51 INFO    跳过 u850_2004.nc（已存在）
2026-09-30 18:58:51 INFO    跳过 u850_2005.nc（已存在）
2026-09-30 18:58:51 INFO    跳过 u850_2006.nc（已存在）
2026-09-30 18:58:51 INFO    跳过 u850_2007.nc（已存在）
2026-09-30 18:58:51 INFO    跳过 u850_2008.nc（已存在）
2026-09-30 18:58:51 INFO    跳过 u850_2009.nc（已存在）
2026-09-30 18:59:49 ERROR   失败：object store error dispatch failure: io error: client error (SendRequest): connection error: peer closed connection without sending TLS close_notify: https://docs.rs/rustls/latest/rustls/manual/_03_howto/index.html#unexpected-eof

context:
   0: icechunk_s3::get_object_conditional
           with path="repo" previous_version=None
             at icechunk-s3/src/lib.rs:1252
   1: icechunk::asset_manager::fetch_repo_info_from_path
             at icechunk/src/asset_manager.rs:1756
   2: icechunk::asset_manager::fetch_repo_info
             at icechunk/src/asset_manager.rs:518
   3: icechunk::repository::fetch_spec_version
             at icechunk/src/repository.rs:539
2026-09-30 18:59:49 ERROR   若提示 Network is unreachable，说明当前环境连不到该主机；请在你自己能上网的终端里重跑。
2026-09-30 19:00:53 ERROR   2019 失败：object store error dispatch failure: io error: client error (Connect): tls handshake eof

context:
   0: icechunk::asset_manager::fetch_chunk
           with chunk_id=ZPVZKGJNXTSY9JK80350 range=0..92605230
             at icechunk/src/asset_manager.rs:963
   1: icechunk::store::get
           with key="pressure/0p25latx0p25lon/t/c/964/7/0/0" byte_range=From(0)
             at icechunk/src/store.rs:183
2026-09-30 19:01:05 ERROR   2017 失败：object store error dispatch failure: io error: client error (Connect): tls handshake eof

context:
   0: icechunk::asset_manager::fetch_chunk
           with chunk_id=HEZD5B8YMT5A8V64PTX0 range=0..72787415
             at icechunk/src/asset_manager.rs:963
   1: icechunk::store::get
           with key="single/0p25latx0p25lon/pr/c/938/0/0" byte_range=From(0)
             at icechunk/src/store.rs:183
2026-09-30 19:01:08 ERROR   2010 失败：object store error dispatch failure: io error: client error (Connect): tls handshake eof

context:
   0: icechunk::asset_manager::fetch_chunk
           with chunk_id=THMDRZCXBX9JTTZC5D80 range=0..112893958
             at icechunk/src/asset_manager.rs:963
   1: icechunk::store::get
           with key="pressure/0p25latx0p25lon/u/c/856/7/0/0" byte_range=From(0)
             at icechunk/src/store.rs:183
2026-09-30 19:01:19 ERROR   2005 失败：object store error dispatch failure: io error: client error (Connect): tls handshake eof

context:
   0: icechunk::asset_manager::fetch_chunk
           with chunk_id=RM02WQ0TAH4SA6E60AW0 range=0..37708052
             at icechunk/src/asset_manager.rs:963
   1: icechunk::store::get
           with key="single/0p25latx0p25lon/swv_1/c/794/0/0" byte_range=From(0)
             at icechunk/src/store.rs:183
2026-09-30 19:01:34 INFO    d2m  源=planette  年=1981-2025  月=[5, 6, 7, 8]
2026-09-30 19:02:20 INFO    跳过 d2m_1981.nc（已存在）
2026-09-30 19:02:20 INFO    跳过 d2m_1982.nc（已存在）
2026-09-30 19:02:20 INFO    跳过 d2m_1983.nc（已存在）
2026-09-30 19:02:20 INFO    跳过 d2m_1984.nc（已存在）
2026-09-30 19:02:20 INFO    跳过 d2m_1985.nc（已存在）
2026-09-30 19:02:20 INFO    跳过 d2m_1986.nc（已存在）
2026-09-30 19:04:13 ERROR   1987 失败：object store error dispatch failure: io error: client error (Connect): tls handshake eof

context:
   0: icechunk::asset_manager::fetch_chunk
           with chunk_id=HAX2MSSMX6713PBZF7N0 range=0..89232798
             at icechunk/src/asset_manager.rs:963
   1: icechunk::store::get
           with key="single/0p25latx0p25lon/td2m/c/576/0/0" byte_range=From(0)
             at icechunk/src/store.rs:183
2026-09-30 19:04:29 INFO    d2m  源=planette  年=1981-2025  月=[5, 6, 7, 8]
2026-09-30 19:04:36 INFO    跳过 d2m_1981.nc（已存在）
2026-09-30 19:04:36 INFO    跳过 d2m_1982.nc（已存在）
2026-09-30 19:04:36 INFO    跳过 d2m_1983.nc（已存在）
2026-09-30 19:04:36 INFO    跳过 d2m_1984.nc（已存在）
2026-09-30 19:04:36 INFO    跳过 d2m_1985.nc（已存在）
2026-09-30 19:04:36 INFO    跳过 d2m_1986.nc（已存在）
2026-09-30 19:09:27 INFO    d2m  源=planette  年=1981-2025  月=[5, 6, 7, 8]
2026-09-30 19:09:33 INFO    跳过 d2m_1981.nc（已存在）
2026-09-30 19:09:33 INFO    跳过 d2m_1982.nc（已存在）
2026-09-30 19:09:33 INFO    跳过 d2m_1983.nc（已存在）
2026-09-30 19:09:33 INFO    跳过 d2m_1984.nc（已存在）
2026-09-30 19:09:33 INFO    跳过 d2m_1985.nc（已存在）
2026-09-30 19:09:33 INFO    跳过 d2m_1986.nc（已存在）
2026-09-30 19:20:05 INFO    写出 d2m_1987.nc  (0.3 MB, 123 天)
2026-09-30 19:29:52 INFO    写出 d2m_1988.nc  (0.3 MB, 123 天)
2026-09-30 19:34:04 INFO    tp  源=planette  年=1981-2025  月=[5, 6, 7, 8]
2026-09-30 19:34:10 INFO    跳过 tp_1981.nc（已存在）
2026-09-30 19:34:10 INFO    跳过 tp_1982.nc（已存在）
2026-09-30 19:34:10 INFO    跳过 tp_1983.nc（已存在）
2026-09-30 19:34:10 INFO    跳过 tp_1984.nc（已存在）
2026-09-30 19:34:10 INFO    跳过 tp_1985.nc（已存在）
2026-09-30 19:34:10 INFO    跳过 tp_1986.nc（已存在）
2026-09-30 19:34:10 INFO    跳过 tp_1987.nc（已存在）
2026-09-30 19:34:10 INFO    跳过 tp_1988.nc（已存在）
2026-09-30 19:34:10 INFO    跳过 tp_1989.nc（已存在）
2026-09-30 19:34:10 INFO    跳过 tp_1990.nc（已存在）
2026-09-30 19:34:10 INFO    跳过 tp_1991.nc（已存在）
2026-09-30 19:34:10 INFO    跳过 tp_1992.nc（已存在）
2026-09-30 19:34:10 INFO    跳过 tp_1993.nc（已存在）
2026-09-30 19:34:10 INFO    跳过 tp_1994.nc（已存在）
2026-09-30 19:34:10 INFO    跳过 tp_1995.nc（已存在）
2026-09-30 19:34:10 INFO    跳过 tp_1996.nc（已存在）
2026-09-30 19:34:10 INFO    跳过 tp_1997.nc（已存在）
2026-09-30 19:34:10 INFO    跳过 tp_1998.nc（已存在）
2026-09-30 19:34:10 INFO    跳过 tp_1999.nc（已存在）
2026-09-30 19:34:10 INFO    跳过 tp_2000.nc（已存在）
2026-09-30 19:34:10 INFO    跳过 tp_2001.nc（已存在）
2026-09-30 19:34:10 INFO    跳过 tp_2002.nc（已存在）
2026-09-30 19:34:10 INFO    跳过 tp_2003.nc（已存在）
2026-09-30 19:34:10 INFO    跳过 tp_2004.nc（已存在）
2026-09-30 19:34:10 INFO    跳过 tp_2005.nc（已存在）
2026-09-30 19:34:10 INFO    跳过 tp_2006.nc（已存在）
2026-09-30 19:34:10 INFO    跳过 tp_2007.nc（已存在）
2026-09-30 19:34:10 INFO    跳过 tp_2008.nc（已存在）
2026-09-30 19:34:10 INFO    跳过 tp_2009.nc（已存在）
2026-09-30 19:34:10 INFO    跳过 tp_2010.nc（已存在）
2026-09-30 19:34:10 INFO    跳过 tp_2011.nc（已存在）
2026-09-30 19:34:10 INFO    跳过 tp_2012.nc（已存在）
2026-09-30 19:34:10 INFO    跳过 tp_2013.nc（已存在）
2026-09-30 19:34:10 INFO    跳过 tp_2014.nc（已存在）
2026-09-30 19:34:10 INFO    跳过 tp_2015.nc（已存在）
2026-09-30 19:34:10 INFO    跳过 tp_2016.nc（已存在）
2026-09-30 19:34:13 INFO    swvl1  源=planette  年=1981-2025  月=[5, 6, 7, 8]
2026-09-30 19:34:20 INFO    跳过 swvl1_1981.nc（已存在）
2026-09-30 19:34:20 INFO    跳过 swvl1_1982.nc（已存在）
2026-09-30 19:34:20 INFO    跳过 swvl1_1983.nc（已存在）
2026-09-30 19:34:20 INFO    跳过 swvl1_1984.nc（已存在）
2026-09-30 19:34:20 INFO    跳过 swvl1_1985.nc（已存在）
2026-09-30 19:34:20 INFO    跳过 swvl1_1986.nc（已存在）
2026-09-30 19:34:20 INFO    跳过 swvl1_1987.nc（已存在）
2026-09-30 19:34:20 INFO    跳过 swvl1_1988.nc（已存在）
2026-09-30 19:34:20 INFO    跳过 swvl1_1989.nc（已存在）
2026-09-30 19:34:20 INFO    跳过 swvl1_1990.nc（已存在）
2026-09-30 19:34:20 INFO    跳过 swvl1_1991.nc（已存在）
2026-09-30 19:34:20 INFO    跳过 swvl1_1992.nc（已存在）
2026-09-30 19:34:20 INFO    跳过 swvl1_1993.nc（已存在）
2026-09-30 19:34:20 INFO    跳过 swvl1_1994.nc（已存在）
2026-09-30 19:34:20 INFO    跳过 swvl1_1995.nc（已存在）
2026-09-30 19:34:20 INFO    跳过 swvl1_1996.nc（已存在）
2026-09-30 19:34:20 INFO    跳过 swvl1_1997.nc（已存在）
2026-09-30 19:34:20 INFO    跳过 swvl1_1998.nc（已存在）
2026-09-30 19:34:20 INFO    跳过 swvl1_1999.nc（已存在）
2026-09-30 19:34:20 INFO    跳过 swvl1_2000.nc（已存在）
2026-09-30 19:34:20 INFO    跳过 swvl1_2001.nc（已存在）
2026-09-30 19:34:20 INFO    跳过 swvl1_2002.nc（已存在）
2026-09-30 19:34:20 INFO    跳过 swvl1_2003.nc（已存在）
2026-09-30 19:34:20 INFO    跳过 swvl1_2004.nc（已存在）
2026-09-30 19:35:53 INFO    t850  源=planette  年=1981-2025  月=[5, 6, 7, 8]
2026-09-30 19:35:59 INFO    跳过 t850_1981.nc（已存在）
2026-09-30 19:35:59 INFO    跳过 t850_1982.nc（已存在）
2026-09-30 19:35:59 INFO    跳过 t850_1983.nc（已存在）
2026-09-30 19:35:59 INFO    跳过 t850_1984.nc（已存在）
2026-09-30 19:35:59 INFO    跳过 t850_1985.nc（已存在）
2026-09-30 19:35:59 INFO    跳过 t850_1986.nc（已存在）
2026-09-30 19:35:59 INFO    跳过 t850_1987.nc（已存在）
2026-09-30 19:35:59 INFO    跳过 t850_1988.nc（已存在）
2026-09-30 19:35:59 INFO    跳过 t850_1989.nc（已存在）
2026-09-30 19:35:59 INFO    跳过 t850_1990.nc（已存在）
2026-09-30 19:35:59 INFO    跳过 t850_1991.nc（已存在）
2026-09-30 19:35:59 INFO    跳过 t850_1992.nc（已存在）
2026-09-30 19:35:59 INFO    跳过 t850_1993.nc（已存在）
2026-09-30 19:35:59 INFO    跳过 t850_1994.nc（已存在）
2026-09-30 19:35:59 INFO    跳过 t850_1995.nc（已存在）
2026-09-30 19:35:59 INFO    跳过 t850_1996.nc（已存在）
2026-09-30 19:35:59 INFO    跳过 t850_1997.nc（已存在）
2026-09-30 19:35:59 INFO    跳过 t850_1998.nc（已存在）
2026-09-30 19:35:59 INFO    跳过 t850_1999.nc（已存在）
2026-09-30 19:35:59 INFO    跳过 t850_2000.nc（已存在）
2026-09-30 19:35:59 INFO    跳过 t850_2001.nc（已存在）
2026-09-30 19:35:59 INFO    跳过 t850_2002.nc（已存在）
2026-09-30 19:35:59 INFO    跳过 t850_2003.nc（已存在）
2026-09-30 19:35:59 INFO    跳过 t850_2004.nc（已存在）
2026-09-30 19:35:59 INFO    跳过 t850_2005.nc（已存在）
2026-09-30 19:35:59 INFO    跳过 t850_2006.nc（已存在）
2026-09-30 19:35:59 INFO    跳过 t850_2007.nc（已存在）
2026-09-30 19:35:59 INFO    跳过 t850_2008.nc（已存在）
2026-09-30 19:35:59 INFO    跳过 t850_2009.nc（已存在）
2026-09-30 19:35:59 INFO    跳过 t850_2010.nc（已存在）
2026-09-30 19:35:59 INFO    跳过 t850_2011.nc（已存在）
2026-09-30 19:35:59 INFO    跳过 t850_2012.nc（已存在）
2026-09-30 19:35:59 INFO    跳过 t850_2013.nc（已存在）
2026-09-30 19:35:59 INFO    跳过 t850_2014.nc（已存在）
2026-09-30 19:35:59 INFO    跳过 t850_2015.nc（已存在）
2026-09-30 19:35:59 INFO    跳过 t850_2016.nc（已存在）
2026-09-30 19:35:59 INFO    跳过 t850_2017.nc（已存在）
2026-09-30 19:35:59 INFO    跳过 t850_2018.nc（已存在）
2026-09-30 19:36:01 INFO    u850  源=planette  年=1981-2025  月=[5, 6, 7, 8]
2026-09-30 19:36:06 INFO    跳过 u850_1981.nc（已存在）
2026-09-30 19:36:06 INFO    跳过 u850_1982.nc（已存在）
2026-09-30 19:36:06 INFO    跳过 u850_1983.nc（已存在）
2026-09-30 19:36:06 INFO    跳过 u850_1984.nc（已存在）
2026-09-30 19:36:06 INFO    跳过 u850_1985.nc（已存在）
2026-09-30 19:36:06 INFO    跳过 u850_1986.nc（已存在）
2026-09-30 19:36:06 INFO    跳过 u850_1987.nc（已存在）
2026-09-30 19:36:06 INFO    跳过 u850_1988.nc（已存在）
2026-09-30 19:36:06 INFO    跳过 u850_1989.nc（已存在）
2026-09-30 19:36:06 INFO    跳过 u850_1990.nc（已存在）
2026-09-30 19:36:06 INFO    跳过 u850_1991.nc（已存在）
2026-09-30 19:36:06 INFO    跳过 u850_1992.nc（已存在）
2026-09-30 19:36:06 INFO    跳过 u850_1993.nc（已存在）
2026-09-30 19:36:06 INFO    跳过 u850_1994.nc（已存在）
2026-09-30 19:36:06 INFO    跳过 u850_1995.nc（已存在）
2026-09-30 19:36:06 INFO    跳过 u850_1996.nc（已存在）
2026-09-30 19:36:06 INFO    跳过 u850_1997.nc（已存在）
2026-09-30 19:36:06 INFO    跳过 u850_1998.nc（已存在）
2026-09-30 19:36:06 INFO    跳过 u850_1999.nc（已存在）
2026-09-30 19:36:06 INFO    跳过 u850_2000.nc（已存在）
2026-09-30 19:36:06 INFO    跳过 u850_2001.nc（已存在）
2026-09-30 19:36:06 INFO    跳过 u850_2002.nc（已存在）
2026-09-30 19:36:06 INFO    跳过 u850_2003.nc（已存在）
2026-09-30 19:36:06 INFO    跳过 u850_2004.nc（已存在）
2026-09-30 19:36:06 INFO    跳过 u850_2005.nc（已存在）
2026-09-30 19:36:06 INFO    跳过 u850_2006.nc（已存在）
2026-09-30 19:36:06 INFO    跳过 u850_2007.nc（已存在）
2026-09-30 19:36:06 INFO    跳过 u850_2008.nc（已存在）
2026-09-30 19:36:06 INFO    跳过 u850_2009.nc（已存在）
2026-09-30 19:36:09 INFO    v850  源=planette  年=1981-2025  月=[5, 6, 7, 8]
2026-09-30 19:36:15 INFO    跳过 v850_1981.nc（已存在）
2026-09-30 19:36:15 INFO    跳过 v850_1982.nc（已存在）
2026-09-30 19:36:15 INFO    跳过 v850_1983.nc（已存在）
2026-09-30 19:36:15 INFO    跳过 v850_1984.nc（已存在）
2026-09-30 19:36:15 INFO    跳过 v850_1985.nc（已存在）
2026-09-30 19:36:15 INFO    跳过 v850_1986.nc（已存在）
2026-09-30 19:36:15 INFO    跳过 v850_1987.nc（已存在）
2026-09-30 19:36:15 INFO    跳过 v850_1988.nc（已存在）
2026-09-30 19:36:15 INFO    跳过 v850_1989.nc（已存在）
2026-09-30 19:36:15 INFO    跳过 v850_1990.nc（已存在）
2026-09-30 19:36:15 INFO    跳过 v850_1991.nc（已存在）
2026-09-30 19:36:15 INFO    跳过 v850_1992.nc（已存在）
2026-09-30 19:36:15 INFO    跳过 v850_1993.nc（已存在）
2026-09-30 19:36:15 INFO    跳过 v850_1994.nc（已存在）
2026-09-30 19:36:15 INFO    跳过 v850_1995.nc（已存在）
2026-09-30 19:36:15 INFO    跳过 v850_1996.nc（已存在）
2026-09-30 19:36:15 INFO    跳过 v850_1997.nc（已存在）
2026-09-30 19:36:15 INFO    跳过 v850_1998.nc（已存在）
2026-09-30 19:36:15 INFO    跳过 v850_1999.nc（已存在）
2026-09-30 19:36:15 INFO    跳过 v850_2000.nc（已存在）
2026-09-30 19:36:15 INFO    跳过 v850_2001.nc（已存在）
2026-09-30 19:36:15 INFO    跳过 v850_2002.nc（已存在）
2026-09-30 19:36:15 INFO    跳过 v850_2003.nc（已存在）
2026-09-30 19:36:15 INFO    跳过 v850_2004.nc（已存在）
2026-09-30 19:36:15 INFO    跳过 v850_2005.nc（已存在）
2026-09-30 19:36:15 INFO    跳过 v850_2006.nc（已存在）
2026-09-30 19:36:15 INFO    跳过 v850_2007.nc（已存在）
2026-09-30 19:41:44 INFO    d2m  源=planette  年=1981-2025  月=[5, 6, 7, 8]
2026-09-30 19:41:49 INFO    跳过 d2m_1981.nc（已存在）
2026-09-30 19:41:49 INFO    跳过 d2m_1982.nc（已存在）
2026-09-30 19:41:49 INFO    跳过 d2m_1983.nc（已存在）
2026-09-30 19:41:49 INFO    跳过 d2m_1984.nc（已存在）
2026-09-30 19:41:49 INFO    跳过 d2m_1985.nc（已存在）
2026-09-30 19:41:49 INFO    跳过 d2m_1986.nc（已存在）
2026-09-30 19:41:49 INFO    跳过 d2m_1987.nc（已存在）
2026-09-30 19:41:49 INFO    跳过 d2m_1988.nc（已存在）
2026-09-30 19:42:52 INFO    写出 d2m_1989.nc  (0.3 MB, 123 天)
2026-09-30 19:44:00 INFO    写出 d2m_1990.nc  (0.3 MB, 123 天)
2026-09-30 19:44:26 INFO    tp  源=planette  年=1981-2025  月=[5, 6, 7, 8]
2026-09-30 19:44:35 INFO    跳过 tp_1981.nc（已存在）
2026-09-30 19:44:35 INFO    跳过 tp_1982.nc（已存在）
2026-09-30 19:44:35 INFO    跳过 tp_1983.nc（已存在）
2026-09-30 19:44:35 INFO    跳过 tp_1984.nc（已存在）
2026-09-30 19:44:35 INFO    跳过 tp_1985.nc（已存在）
2026-09-30 19:44:35 INFO    跳过 tp_1986.nc（已存在）
2026-09-30 19:44:35 INFO    跳过 tp_1987.nc（已存在）
2026-09-30 19:44:35 INFO    跳过 tp_1988.nc（已存在）
2026-09-30 19:44:35 INFO    跳过 tp_1989.nc（已存在）
2026-09-30 19:44:35 INFO    跳过 tp_1990.nc（已存在）
2026-09-30 19:44:35 INFO    跳过 tp_1991.nc（已存在）
2026-09-30 19:44:35 INFO    跳过 tp_1992.nc（已存在）
2026-09-30 19:44:35 INFO    跳过 tp_1993.nc（已存在）
2026-09-30 19:44:35 INFO    跳过 tp_1994.nc（已存在）
2026-09-30 19:44:35 INFO    跳过 tp_1995.nc（已存在）
2026-09-30 19:44:35 INFO    跳过 tp_1996.nc（已存在）
2026-09-30 19:44:35 INFO    跳过 tp_1997.nc（已存在）
2026-09-30 19:44:35 INFO    跳过 tp_1998.nc（已存在）
2026-09-30 19:44:35 INFO    跳过 tp_1999.nc（已存在）
2026-09-30 19:44:35 INFO    跳过 tp_2000.nc（已存在）
2026-09-30 19:44:35 INFO    跳过 tp_2001.nc（已存在）
2026-09-30 19:44:35 INFO    跳过 tp_2002.nc（已存在）
2026-09-30 19:44:35 INFO    跳过 tp_2003.nc（已存在）
2026-09-30 19:44:35 INFO    跳过 tp_2004.nc（已存在）
2026-09-30 19:44:35 INFO    跳过 tp_2005.nc（已存在）
2026-09-30 19:44:35 INFO    跳过 tp_2006.nc（已存在）
2026-09-30 19:44:35 INFO    跳过 tp_2007.nc（已存在）
2026-09-30 19:44:35 INFO    跳过 tp_2008.nc（已存在）
2026-09-30 19:44:35 INFO    跳过 tp_2009.nc（已存在）
2026-09-30 19:44:35 INFO    跳过 tp_2010.nc（已存在）
2026-09-30 19:44:35 INFO    跳过 tp_2011.nc（已存在）
2026-09-30 19:44:35 INFO    跳过 tp_2012.nc（已存在）
2026-09-30 19:44:35 INFO    跳过 tp_2013.nc（已存在）
2026-09-30 19:44:35 INFO    跳过 tp_2014.nc（已存在）
2026-09-30 19:44:35 INFO    跳过 tp_2015.nc（已存在）
2026-09-30 19:44:35 INFO    跳过 tp_2016.nc（已存在）
2026-09-30 19:45:03 INFO    swvl1  源=planette  年=1981-2025  月=[5, 6, 7, 8]
2026-09-30 19:45:13 INFO    跳过 swvl1_1981.nc（已存在）
2026-09-30 19:45:13 INFO    跳过 swvl1_1982.nc（已存在）
2026-09-30 19:45:13 INFO    跳过 swvl1_1983.nc（已存在）
2026-09-30 19:45:13 INFO    跳过 swvl1_1984.nc（已存在）
2026-09-30 19:45:13 INFO    跳过 swvl1_1985.nc（已存在）
2026-09-30 19:45:13 INFO    跳过 swvl1_1986.nc（已存在）
2026-09-30 19:45:13 INFO    跳过 swvl1_1987.nc（已存在）
2026-09-30 19:45:13 INFO    跳过 swvl1_1988.nc（已存在）
2026-09-30 19:45:13 INFO    跳过 swvl1_1989.nc（已存在）
2026-09-30 19:45:13 INFO    跳过 swvl1_1990.nc（已存在）
2026-09-30 19:45:13 INFO    跳过 swvl1_1991.nc（已存在）
2026-09-30 19:45:13 INFO    跳过 swvl1_1992.nc（已存在）
2026-09-30 19:45:13 INFO    跳过 swvl1_1993.nc（已存在）
2026-09-30 19:45:13 INFO    跳过 swvl1_1994.nc（已存在）
2026-09-30 19:45:13 INFO    跳过 swvl1_1995.nc（已存在）
2026-09-30 19:45:13 INFO    跳过 swvl1_1996.nc（已存在）
2026-09-30 19:45:13 INFO    跳过 swvl1_1997.nc（已存在）
2026-09-30 19:45:13 INFO    跳过 swvl1_1998.nc（已存在）
2026-09-30 19:45:13 INFO    跳过 swvl1_1999.nc（已存在）
2026-09-30 19:45:13 INFO    跳过 swvl1_2000.nc（已存在）
2026-09-30 19:45:13 INFO    跳过 swvl1_2001.nc（已存在）
2026-09-30 19:45:13 INFO    跳过 swvl1_2002.nc（已存在）
2026-09-30 19:45:13 INFO    跳过 swvl1_2003.nc（已存在）
2026-09-30 19:45:13 INFO    跳过 swvl1_2004.nc（已存在）
2026-09-30 19:45:49 INFO    写出 d2m_1991.nc  (0.3 MB, 123 天)
2026-09-30 19:46:47 INFO    写出 tp_2017.nc  (0.4 MB, 123 天)
2026-09-30 19:47:23 INFO    写出 swvl1_2005.nc  (0.5 MB, 123 天)
2026-09-30 19:47:34 INFO    写出 d2m_1992.nc  (0.3 MB, 123 天)
2026-09-30 19:47:35 INFO    跳过 d2m_1993.nc（已存在）
2026-09-30 19:47:35 INFO    跳过 d2m_1994.nc（已存在）
2026-09-30 19:47:35 INFO    跳过 d2m_1995.nc（已存在）
2026-09-30 19:47:35 INFO    跳过 d2m_1996.nc（已存在）
2026-09-30 19:47:35 INFO    跳过 d2m_1997.nc（已存在）
2026-09-30 19:47:35 INFO    跳过 d2m_1998.nc（已存在）
2026-09-30 19:47:35 INFO    跳过 d2m_1999.nc（已存在）
2026-09-30 19:47:35 INFO    跳过 d2m_2000.nc（已存在）
2026-09-30 19:47:35 INFO    跳过 d2m_2001.nc（已存在）
2026-09-30 19:47:35 INFO    跳过 d2m_2002.nc（已存在）
2026-09-30 19:47:35 INFO    跳过 d2m_2003.nc（已存在）
2026-09-30 19:47:35 INFO    跳过 d2m_2004.nc（已存在）
2026-09-30 19:47:35 INFO    跳过 d2m_2005.nc（已存在）
2026-09-30 19:47:35 INFO    跳过 d2m_2006.nc（已存在）
2026-09-30 19:47:35 INFO    跳过 d2m_2007.nc（已存在）
2026-09-30 19:47:35 INFO    跳过 d2m_2008.nc（已存在）
2026-09-30 19:47:35 INFO    跳过 d2m_2009.nc（已存在）
2026-09-30 19:47:35 INFO    跳过 d2m_2010.nc（已存在）
2026-09-30 19:47:35 INFO    跳过 d2m_2011.nc（已存在）
2026-09-30 19:47:35 INFO    跳过 d2m_2012.nc（已存在）
2026-09-30 19:47:35 INFO    跳过 d2m_2013.nc（已存在）
2026-09-30 19:47:35 INFO    跳过 d2m_2014.nc（已存在）
2026-09-30 19:47:35 INFO    跳过 d2m_2015.nc（已存在）
2026-09-30 19:47:35 INFO    跳过 d2m_2016.nc（已存在）
2026-09-30 19:47:35 INFO    跳过 d2m_2017.nc（已存在）
2026-09-30 19:47:35 INFO    跳过 d2m_2018.nc（已存在）
2026-09-30 19:47:35 INFO    跳过 d2m_2019.nc（已存在）
2026-09-30 19:47:35 INFO    跳过 d2m_2020.nc（已存在）
2026-09-30 19:47:35 INFO    跳过 d2m_2021.nc（已存在）
2026-09-30 19:47:35 INFO    跳过 d2m_2022.nc（已存在）
2026-09-30 19:47:35 INFO    跳过 d2m_2023.nc（已存在）
2026-09-30 19:47:35 INFO    跳过 d2m_2024.nc（已存在）
2026-09-30 19:47:35 INFO    跳过 d2m_2025.nc（已存在）
2026-09-30 19:48:19 INFO    写出 tp_2018.nc  (0.5 MB, 123 天)
2026-09-30 19:48:24 INFO    写出 swvl1_2006.nc  (0.5 MB, 123 天)
2026-09-30 19:49:17 INFO    写出 tp_2019.nc  (0.4 MB, 123 天)
2026-09-30 19:49:39 INFO    写出 swvl1_2007.nc  (0.5 MB, 123 天)
2026-09-30 19:50:08 INFO    写出 tp_2020.nc  (0.5 MB, 123 天)
2026-09-30 19:50:28 INFO    swvl1  源=planette  年=1981-2025  月=[5, 6, 7, 8]
2026-09-30 19:51:12 INFO    写出 tp_2021.nc  (0.4 MB, 123 天)
2026-09-30 19:51:14 INFO    写出 swvl1_1981.nc  (0.5 MB, 123 天)
2026-09-30 19:52:14 INFO    写出 swvl1_1982.nc  (0.5 MB, 123 天)
2026-09-30 19:52:14 INFO    写出 tp_2022.nc  (0.4 MB, 123 天)
2026-09-30 19:53:06 INFO    写出 swvl1_1983.nc  (0.4 MB, 123 天)
2026-09-30 19:53:16 INFO    写出 tp_2023.nc  (0.5 MB, 123 天)
2026-09-30 19:54:03 INFO    写出 swvl1_1984.nc  (0.4 MB, 123 天)
2026-09-30 19:54:20 INFO    写出 tp_2024.nc  (0.5 MB, 123 天)
2026-09-30 19:54:56 INFO    写出 swvl1_1985.nc  (0.5 MB, 123 天)
2026-09-30 19:55:27 INFO    写出 tp_2025.nc  (0.5 MB, 123 天)
2026-09-30 19:55:36 INFO    写出 swvl1_1986.nc  (0.5 MB, 123 天)
2026-09-30 19:56:01 INFO    写出 swvl1_1987.nc  (0.4 MB, 123 天)
2026-09-30 19:56:24 INFO    写出 swvl1_1988.nc  (0.5 MB, 123 天)
2026-09-30 19:56:45 INFO    写出 swvl1_1989.nc  (0.4 MB, 123 天)
2026-09-30 19:57:10 INFO    写出 swvl1_1990.nc  (0.5 MB, 123 天)
2026-09-30 19:57:31 INFO    写出 swvl1_1991.nc  (0.4 MB, 123 天)
2026-09-30 19:57:53 INFO    写出 swvl1_1992.nc  (0.5 MB, 123 天)
2026-09-30 19:58:14 INFO    写出 swvl1_1993.nc  (0.4 MB, 123 天)
2026-09-30 19:58:37 INFO    写出 swvl1_1994.nc  (0.5 MB, 123 天)
2026-09-30 19:58:59 INFO    写出 swvl1_1995.nc  (0.5 MB, 123 天)
2026-09-30 19:59:20 INFO    写出 swvl1_1996.nc  (0.5 MB, 123 天)
2026-09-30 19:59:44 INFO    写出 swvl1_1997.nc  (0.5 MB, 123 天)
2026-09-30 20:00:05 INFO    写出 swvl1_1998.nc  (0.4 MB, 123 天)
2026-09-30 20:00:28 INFO    写出 swvl1_1999.nc  (0.4 MB, 123 天)
2026-09-30 20:00:55 INFO    写出 swvl1_2000.nc  (0.5 MB, 123 天)
2026-09-30 20:01:18 INFO    写出 swvl1_2001.nc  (0.5 MB, 123 天)
2026-09-30 20:01:44 INFO    写出 swvl1_2002.nc  (0.5 MB, 123 天)
2026-09-30 20:02:08 INFO    写出 swvl1_2003.nc  (0.5 MB, 123 天)
2026-09-30 20:02:28 INFO    写出 swvl1_2004.nc  (0.5 MB, 123 天)
2026-09-30 20:02:50 INFO    写出 swvl1_2005.nc  (0.5 MB, 123 天)
2026-09-30 20:03:12 INFO    写出 swvl1_2006.nc  (0.5 MB, 123 天)
2026-09-30 20:03:32 INFO    写出 swvl1_2007.nc  (0.5 MB, 123 天)
2026-09-30 20:03:53 INFO    写出 swvl1_2008.nc  (0.5 MB, 123 天)
2026-09-30 20:04:16 INFO    写出 swvl1_2009.nc  (0.5 MB, 123 天)
2026-09-30 20:04:39 INFO    写出 swvl1_2010.nc  (0.5 MB, 123 天)
2026-09-30 20:05:00 INFO    写出 swvl1_2011.nc  (0.5 MB, 123 天)
2026-09-30 20:05:22 INFO    写出 swvl1_2012.nc  (0.5 MB, 123 天)
2026-09-30 20:05:42 INFO    写出 swvl1_2013.nc  (0.5 MB, 123 天)
2026-09-30 20:06:07 INFO    写出 swvl1_2014.nc  (0.5 MB, 123 天)
2026-09-30 20:06:29 INFO    写出 swvl1_2015.nc  (0.5 MB, 123 天)
2026-09-30 20:06:52 INFO    写出 swvl1_2016.nc  (0.5 MB, 123 天)
2026-09-30 20:07:15 INFO    写出 swvl1_2017.nc  (0.5 MB, 123 天)
2026-09-30 20:07:36 INFO    写出 swvl1_2018.nc  (0.5 MB, 123 天)
2026-09-30 20:07:56 INFO    写出 swvl1_2019.nc  (0.5 MB, 123 天)
2026-09-30 20:08:23 INFO    写出 swvl1_2020.nc  (0.5 MB, 123 天)
2026-09-30 20:08:45 INFO    写出 swvl1_2021.nc  (0.5 MB, 123 天)
2026-09-30 20:09:08 INFO    写出 swvl1_2022.nc  (0.5 MB, 123 天)
2026-09-30 20:09:32 INFO    写出 swvl1_2023.nc  (0.5 MB, 123 天)
2026-09-30 20:09:55 INFO    写出 swvl1_2024.nc  (0.5 MB, 123 天)
2026-09-30 20:10:15 INFO    u850  源=planette  年=1981-2025  月=[5, 6, 7, 8]
2026-09-30 20:10:19 INFO    v850  源=planette  年=1981-2025  月=[5, 6, 7, 8]
2026-09-30 20:10:19 INFO    跳过 u850_1981.nc（已存在）
2026-09-30 20:10:19 INFO    跳过 u850_1982.nc（已存在）
2026-09-30 20:10:19 INFO    跳过 u850_1983.nc（已存在）
2026-09-30 20:10:19 INFO    跳过 u850_1984.nc（已存在）
2026-09-30 20:10:19 INFO    跳过 u850_1985.nc（已存在）
2026-09-30 20:10:19 INFO    跳过 u850_1986.nc（已存在）
2026-09-30 20:10:19 INFO    跳过 u850_1987.nc（已存在）
2026-09-30 20:10:19 INFO    跳过 u850_1988.nc（已存在）
2026-09-30 20:10:19 INFO    跳过 u850_1989.nc（已存在）
2026-09-30 20:10:19 INFO    跳过 u850_1990.nc（已存在）
2026-09-30 20:10:19 INFO    跳过 u850_1991.nc（已存在）
2026-09-30 20:10:19 INFO    跳过 u850_1992.nc（已存在）
2026-09-30 20:10:19 INFO    跳过 u850_1993.nc（已存在）
2026-09-30 20:10:19 INFO    跳过 u850_1994.nc（已存在）
2026-09-30 20:10:19 INFO    跳过 u850_1995.nc（已存在）
2026-09-30 20:10:19 INFO    跳过 u850_1996.nc（已存在）
2026-09-30 20:10:19 INFO    跳过 u850_1997.nc（已存在）
2026-09-30 20:10:19 INFO    跳过 u850_1998.nc（已存在）
2026-09-30 20:10:19 INFO    跳过 u850_1999.nc（已存在）
2026-09-30 20:10:19 INFO    跳过 u850_2000.nc（已存在）
2026-09-30 20:10:19 INFO    跳过 u850_2001.nc（已存在）
2026-09-30 20:10:19 INFO    跳过 u850_2002.nc（已存在）
2026-09-30 20:10:19 INFO    跳过 u850_2003.nc（已存在）
2026-09-30 20:10:19 INFO    跳过 u850_2004.nc（已存在）
2026-09-30 20:10:19 INFO    跳过 u850_2005.nc（已存在）
2026-09-30 20:10:19 INFO    跳过 u850_2006.nc（已存在）
2026-09-30 20:10:19 INFO    跳过 u850_2007.nc（已存在）
2026-09-30 20:10:19 INFO    跳过 u850_2008.nc（已存在）
2026-09-30 20:10:19 INFO    跳过 u850_2009.nc（已存在）
2026-09-30 20:10:20 INFO    写出 swvl1_2025.nc  (0.5 MB, 123 天)
2026-09-30 20:10:24 INFO    跳过 v850_1981.nc（已存在）
2026-09-30 20:10:24 INFO    跳过 v850_1982.nc（已存在）
2026-09-30 20:10:24 INFO    跳过 v850_1983.nc（已存在）
2026-09-30 20:10:24 INFO    跳过 v850_1984.nc（已存在）
2026-09-30 20:10:24 INFO    跳过 v850_1985.nc（已存在）
2026-09-30 20:10:24 INFO    跳过 v850_1986.nc（已存在）
2026-09-30 20:10:24 INFO    跳过 v850_1987.nc（已存在）
2026-09-30 20:10:24 INFO    跳过 v850_1988.nc（已存在）
2026-09-30 20:10:24 INFO    跳过 v850_1989.nc（已存在）
2026-09-30 20:10:24 INFO    跳过 v850_1990.nc（已存在）
2026-09-30 20:10:24 INFO    跳过 v850_1991.nc（已存在）
2026-09-30 20:10:24 INFO    跳过 v850_1992.nc（已存在）
2026-09-30 20:10:24 INFO    跳过 v850_1993.nc（已存在）
2026-09-30 20:10:24 INFO    跳过 v850_1994.nc（已存在）
2026-09-30 20:10:24 INFO    跳过 v850_1995.nc（已存在）
2026-09-30 20:10:24 INFO    跳过 v850_1996.nc（已存在）
2026-09-30 20:10:24 INFO    跳过 v850_1997.nc（已存在）
2026-09-30 20:10:24 INFO    跳过 v850_1998.nc（已存在）
2026-09-30 20:10:24 INFO    跳过 v850_1999.nc（已存在）
2026-09-30 20:10:24 INFO    跳过 v850_2000.nc（已存在）
2026-09-30 20:10:24 INFO    跳过 v850_2001.nc（已存在）
2026-09-30 20:10:24 INFO    跳过 v850_2002.nc（已存在）
2026-09-30 20:10:24 INFO    跳过 v850_2003.nc（已存在）
2026-09-30 20:10:24 INFO    跳过 v850_2004.nc（已存在）
2026-09-30 20:10:24 INFO    跳过 v850_2005.nc（已存在）
2026-09-30 20:10:24 INFO    跳过 v850_2006.nc（已存在）
2026-09-30 20:10:24 INFO    跳过 v850_2007.nc（已存在）
2026-09-30 20:12:20 INFO    写出 u850_2010.nc  (58.9 MB, 123 天)
2026-09-30 20:12:20 INFO    写出 v850_2008.nc  (60.7 MB, 123 天)
2026-09-30 20:12:31 INFO    ssrd  源=openmeteo  年=1981-2025  月=[5, 6, 7, 8]
2026-09-30 20:13:04 INFO    写出 ssrd_1981.nc  (0.0 MB, 123 天)
2026-09-30 20:13:39 INFO    写出 ssrd_1982.nc  (0.0 MB, 123 天)
2026-09-30 20:14:13 INFO    写出 ssrd_1983.nc  (0.0 MB, 123 天)
2026-09-30 20:14:49 INFO    写出 ssrd_1984.nc  (0.0 MB, 123 天)
2026-09-30 20:15:11 INFO    写出 v850_2009.nc  (60.7 MB, 123 天)
2026-09-30 20:15:11 INFO    写出 u850_2011.nc  (59.0 MB, 123 天)
2026-09-30 20:15:32 INFO    写出 ssrd_1985.nc  (0.0 MB, 123 天)
2026-09-30 20:16:35 INFO    写出 ssrd_1986.nc  (0.0 MB, 123 天)
2026-09-30 20:16:52 INFO    写出 v850_2010.nc  (60.7 MB, 123 天)
2026-09-30 20:16:54 INFO    写出 u850_2012.nc  (59.2 MB, 123 天)
2026-09-30 20:17:26 INFO    写出 ssrd_1987.nc  (0.0 MB, 123 天)
2026-09-30 20:18:25 INFO    写出 ssrd_1988.nc  (0.0 MB, 123 天)
2026-09-30 20:18:40 INFO    写出 v850_2011.nc  (60.7 MB, 123 天)
2026-09-30 20:18:41 INFO    写出 u850_2013.nc  (59.1 MB, 123 天)
2026-09-30 20:19:14 INFO    写出 ssrd_1989.nc  (0.0 MB, 123 天)
2026-09-30 20:20:11 INFO    写出 ssrd_1990.nc  (0.0 MB, 123 天)
2026-09-30 20:20:21 INFO    写出 u850_2014.nc  (59.4 MB, 123 天)
2026-09-30 20:20:22 INFO    写出 v850_2012.nc  (60.7 MB, 123 天)
2026-09-30 20:20:59 INFO    写出 ssrd_1991.nc  (0.0 MB, 123 天)
2026-09-30 20:21:55 INFO    写出 ssrd_1992.nc  (0.0 MB, 123 天)
2026-09-30 20:22:15 INFO    t850  源=planette  年=1981-2025  月=[5, 6, 7, 8]
2026-09-30 20:22:20 INFO    跳过 t850_1981.nc（已存在）
2026-09-30 20:22:20 INFO    跳过 t850_1982.nc（已存在）
2026-09-30 20:22:20 INFO    跳过 t850_1983.nc（已存在）
2026-09-30 20:22:20 INFO    跳过 t850_1984.nc（已存在）
2026-09-30 20:22:20 INFO    跳过 t850_1985.nc（已存在）
2026-09-30 20:22:20 INFO    跳过 t850_1986.nc（已存在）
2026-09-30 20:22:20 INFO    跳过 t850_1987.nc（已存在）
2026-09-30 20:22:20 INFO    跳过 t850_1988.nc（已存在）
2026-09-30 20:22:20 INFO    跳过 t850_1989.nc（已存在）
2026-09-30 20:22:20 INFO    跳过 t850_1990.nc（已存在）
2026-09-30 20:22:20 INFO    跳过 t850_1991.nc（已存在）
2026-09-30 20:22:20 INFO    跳过 t850_1992.nc（已存在）
2026-09-30 20:22:20 INFO    跳过 t850_1993.nc（已存在）
2026-09-30 20:22:20 INFO    跳过 t850_1994.nc（已存在）
2026-09-30 20:22:20 INFO    跳过 t850_1995.nc（已存在）
2026-09-30 20:22:20 INFO    跳过 t850_1996.nc（已存在）
2026-09-30 20:22:20 INFO    跳过 t850_1997.nc（已存在）
2026-09-30 20:22:20 INFO    跳过 t850_1998.nc（已存在）
2026-09-30 20:22:20 INFO    跳过 t850_1999.nc（已存在）
2026-09-30 20:22:20 INFO    跳过 t850_2000.nc（已存在）
2026-09-30 20:22:20 INFO    跳过 t850_2001.nc（已存在）
2026-09-30 20:22:20 INFO    跳过 t850_2002.nc（已存在）
2026-09-30 20:22:20 INFO    跳过 t850_2003.nc（已存在）
2026-09-30 20:22:20 INFO    跳过 t850_2004.nc（已存在）
2026-09-30 20:22:20 INFO    跳过 t850_2005.nc（已存在）
2026-09-30 20:22:20 INFO    跳过 t850_2006.nc（已存在）
2026-09-30 20:22:20 INFO    跳过 t850_2007.nc（已存在）
2026-09-30 20:22:20 INFO    跳过 t850_2008.nc（已存在）
2026-09-30 20:22:20 INFO    跳过 t850_2009.nc（已存在）
2026-09-30 20:22:20 INFO    跳过 t850_2010.nc（已存在）
2026-09-30 20:22:20 INFO    跳过 t850_2011.nc（已存在）
2026-09-30 20:22:20 INFO    跳过 t850_2012.nc（已存在）
2026-09-30 20:22:20 INFO    跳过 t850_2013.nc（已存在）
2026-09-30 20:22:20 INFO    跳过 t850_2014.nc（已存在）
2026-09-30 20:22:20 INFO    跳过 t850_2015.nc（已存在）
2026-09-30 20:22:20 INFO    跳过 t850_2016.nc（已存在）
2026-09-30 20:22:20 INFO    跳过 t850_2017.nc（已存在）
2026-09-30 20:22:20 INFO    跳过 t850_2018.nc（已存在）
2026-09-30 20:22:24 INFO    写出 v850_2013.nc  (60.7 MB, 123 天)
2026-09-30 20:22:26 INFO    写出 u850_2015.nc  (59.3 MB, 123 天)
2026-09-30 20:22:29 INFO    写出 ssrd_1993.nc  (0.0 MB, 123 天)
2026-09-30 20:22:34 INFO    slhtf  源=openmeteo  年=1981-2025  月=[5, 6, 7, 8]
2026-09-30 20:23:50 INFO    写出 slhtf_1981.nc  (0.0 MB, 123 天)
2026-09-30 20:23:52 INFO    写出 ssrd_1994.nc  (0.0 MB, 123 天)
2026-09-30 20:24:56 INFO    写出 t850_2019.nc  (39.9 MB, 123 天)
2026-09-30 20:24:58 INFO    写出 v850_2014.nc  (60.8 MB, 123 天)
2026-09-30 20:25:03 ERROR   1982 失败：下载失败: https://archive-api.open-meteo.com/v1/archive
2026-09-30 20:25:03 INFO    写出 u850_2016.nc  (59.2 MB, 123 天)
2026-09-30 20:25:08 ERROR   1995 失败：下载失败: https://archive-api.open-meteo.com/v1/archive
2026-09-30 20:27:41 INFO    写出 t850_2020.nc  (39.8 MB, 123 天)
2026-09-30 20:27:44 INFO    写出 v850_2015.nc  (60.8 MB, 123 天)
2026-09-30 20:27:50 INFO    写出 u850_2017.nc  (59.0 MB, 123 天)
2026-09-30 20:30:01 INFO    写出 u850_2018.nc  (59.1 MB, 123 天)
2026-09-30 20:30:28 INFO    写出 t850_2021.nc  (39.7 MB, 123 天)
2026-09-30 20:30:29 INFO    写出 v850_2016.nc  (60.8 MB, 123 天)
2026-09-30 20:32:59 INFO    写出 t850_2022.nc  (39.7 MB, 123 天)
2026-09-30 20:33:00 INFO    写出 u850_2019.nc  (59.3 MB, 123 天)
2026-09-30 20:33:00 INFO    写出 v850_2017.nc  (60.7 MB, 123 天)
2026-09-30 20:35:34 INFO    写出 t850_2023.nc  (39.9 MB, 123 天)
2026-09-30 20:35:34 INFO    写出 v850_2018.nc  (60.7 MB, 123 天)
2026-09-30 20:35:34 INFO    写出 u850_2020.nc  (59.1 MB, 123 天)
2026-09-30 20:36:20 INFO    swv2  源=planette  年=1981-2025  月=[5, 6, 7, 8]
2026-09-30 20:36:21 INFO    swv3  源=planette  年=1981-2025  月=[5, 6, 7, 8]
2026-09-30 20:36:21 INFO    olr  源=planette  年=1981-2025  月=[5, 6, 7, 8]
2026-09-30 20:36:24 INFO    swv2  源=planette  年=1981-2025  月=[5, 6, 7, 8]
2026-09-30 20:36:34 INFO    swv3  源=planette  年=1981-2025  月=[5, 6, 7, 8]
2026-09-30 20:36:47 INFO    olr  源=planette  年=1981-2025  月=[5, 6, 7, 8]
2026-09-30 20:36:57 INFO    swv2  源=planette  年=2022-2022  月=[5, 6, 7, 8]
2026-09-30 20:37:47 INFO    写出 swv2_2022.nc  (0.5 MB, 123 天)
2026-09-30 20:37:49 INFO    swv3  源=planette  年=2022-2022  月=[5, 6, 7, 8]
2026-09-30 20:38:26 INFO    写出 v850_2019.nc  (60.8 MB, 123 天)
2026-09-30 20:38:26 INFO    写出 t850_2024.nc  (39.9 MB, 123 天)
2026-09-30 20:38:27 INFO    写出 u850_2021.nc  (59.0 MB, 123 天)
2026-09-30 20:39:07 INFO    写出 swv3_2022.nc  (0.5 MB, 123 天)
2026-09-30 20:39:08 INFO    olr  源=planette  年=2022-2022  月=[5, 6, 7, 8]
2026-09-30 20:41:39 INFO    写出 v850_2020.nc  (60.8 MB, 123 天)
2026-09-30 20:41:54 INFO    写出 t850_2025.nc  (39.8 MB, 123 天)
2026-09-30 20:42:02 INFO    写出 u850_2022.nc  (59.0 MB, 123 天)
2026-09-30 20:42:02 INFO    写出 olr_2022.nc  (0.4 MB, 123 天)
2026-09-30 20:42:25 INFO    olr  源=planette  年=1993-1993  月=[5, 6, 7, 8]
2026-09-30 20:43:37 INFO    写出 v850_2021.nc  (60.8 MB, 123 天)
2026-09-30 20:43:47 INFO    写出 u850_2023.nc  (59.3 MB, 123 天)
2026-09-30 20:43:52 INFO    写出 olr_1993.nc  (0.4 MB, 123 天)
2026-09-30 20:44:06 INFO    olr  源=planette  年=1993-2022  月=[5, 6, 7, 8]
2026-09-30 20:45:10 ERROR   失败：object store error dispatch failure: timeout: client error (Connect): HTTP connect timeout occurred after 3.1s: timed out

context:
   0: icechunk::refs::fetch_branch
           with name="main"
             at icechunk/src/refs.rs:458
   1: icechunk::refs::fetch_branch_tip_v1
           with name="main"
             at icechunk/src/refs.rs:479
   2: icechunk::repository::fetch_spec_version
             at icechunk/src/repository.rs:539
2026-09-30 20:45:10 ERROR   若提示 Network is unreachable，说明当前环境连不到该主机；请在你自己能上网的终端里重跑。
2026-09-30 20:45:29 INFO    olr  源=planette  年=1993-2022  月=[5, 6, 7, 8]
2026-09-30 20:45:57 ERROR   2022 失败：object store error dispatch failure: timeout: client error (Connect): HTTP connect timeout occurred after 3.1s: timed out

context:
   0: icechunk::asset_manager::fetch_chunk
           with chunk_id=8DXQDGCJFN4XT2YJ8HXG range=0..114190243
             at icechunk/src/asset_manager.rs:963
   1: icechunk::store::get
           with key="pressure/0p25latx0p25lon/v/c/999/7/0/0" byte_range=From(0)
             at icechunk/src/store.rs:183
2026-09-30 20:46:21 INFO    v850  源=planette  年=1981-2025  月=[5, 6, 7, 8]
2026-09-30 20:46:30 INFO    跳过 v850_1981.nc（已存在）
2026-09-30 20:46:30 INFO    跳过 v850_1982.nc（已存在）
2026-09-30 20:46:30 INFO    跳过 v850_1983.nc（已存在）
2026-09-30 20:46:30 INFO    跳过 v850_1984.nc（已存在）
2026-09-30 20:46:30 INFO    跳过 v850_1985.nc（已存在）
2026-09-30 20:46:30 INFO    跳过 v850_1986.nc（已存在）
2026-09-30 20:46:30 INFO    跳过 v850_1987.nc（已存在）
2026-09-30 20:46:30 INFO    跳过 v850_1988.nc（已存在）
2026-09-30 20:46:30 INFO    跳过 v850_1989.nc（已存在）
2026-09-30 20:46:30 INFO    跳过 v850_1990.nc（已存在）
2026-09-30 20:46:30 INFO    跳过 v850_1991.nc（已存在）
2026-09-30 20:46:30 INFO    跳过 v850_1992.nc（已存在）
2026-09-30 20:46:30 INFO    跳过 v850_1993.nc（已存在）
2026-09-30 20:46:30 INFO    跳过 v850_1994.nc（已存在）
2026-09-30 20:46:30 INFO    跳过 v850_1995.nc（已存在）
2026-09-30 20:46:30 INFO    跳过 v850_1996.nc（已存在）
2026-09-30 20:46:30 INFO    跳过 v850_1997.nc（已存在）
2026-09-30 20:46:30 INFO    跳过 v850_1998.nc（已存在）
2026-09-30 20:46:30 INFO    跳过 v850_1999.nc（已存在）
2026-09-30 20:46:30 INFO    跳过 v850_2000.nc（已存在）
2026-09-30 20:46:30 INFO    跳过 v850_2001.nc（已存在）
2026-09-30 20:46:30 INFO    跳过 v850_2002.nc（已存在）
2026-09-30 20:46:30 INFO    跳过 v850_2003.nc（已存在）
2026-09-30 20:46:30 INFO    跳过 v850_2004.nc（已存在）
2026-09-30 20:46:30 INFO    跳过 v850_2005.nc（已存在）
2026-09-30 20:46:30 INFO    跳过 v850_2006.nc（已存在）
2026-09-30 20:46:30 INFO    跳过 v850_2007.nc（已存在）
2026-09-30 20:46:30 INFO    跳过 v850_2008.nc（已存在）
2026-09-30 20:46:30 INFO    跳过 v850_2009.nc（已存在）
2026-09-30 20:46:30 INFO    跳过 v850_2010.nc（已存在）
2026-09-30 20:46:30 INFO    跳过 v850_2011.nc（已存在）
2026-09-30 20:46:30 INFO    跳过 v850_2012.nc（已存在）
2026-09-30 20:46:30 INFO    跳过 v850_2013.nc（已存在）
2026-09-30 20:46:30 INFO    跳过 v850_2014.nc（已存在）
2026-09-30 20:46:30 INFO    跳过 v850_2015.nc（已存在）
2026-09-30 20:46:30 INFO    跳过 v850_2016.nc（已存在）
2026-09-30 20:46:30 INFO    跳过 v850_2017.nc（已存在）
2026-09-30 20:46:30 INFO    跳过 v850_2018.nc（已存在）
2026-09-30 20:46:30 INFO    跳过 v850_2019.nc（已存在）
2026-09-30 20:46:30 INFO    跳过 v850_2020.nc（已存在）
2026-09-30 20:46:30 INFO    跳过 v850_2021.nc（已存在）
2026-09-30 20:49:07 INFO    写出 olr_1993.nc  (0.4 MB, 123 天)
2026-09-30 20:49:14 INFO    写出 v850_2022.nc  (60.7 MB, 123 天)
2026-09-30 20:49:22 INFO    写出 u850_2024.nc  (59.1 MB, 123 天)
2026-09-30 20:50:11 INFO    olr  源=planette  年=2022-2022  月=[5, 6, 7, 8]
2026-09-30 20:52:34 INFO    写出 v850_2023.nc  (60.7 MB, 123 天)
2026-09-30 20:52:35 INFO    写出 olr_2022.nc  (0.4 MB, 123 天)
2026-09-30 20:52:36 INFO    写出 u850_2025.nc  (59.0 MB, 123 天)
2026-09-30 20:53:47 INFO    写出 v850_2024.nc  (60.8 MB, 123 天)
2026-09-30 20:54:56 INFO    写出 v850_2025.nc  (60.7 MB, 123 天)
2026-09-30 20:57:04 INFO    olr  源=planette  年=1981-2025  月=[5, 6, 7, 8]
2026-09-30 20:57:18 INFO    swv2  源=planette  年=1981-2025  月=[5, 6, 7, 8]
2026-09-30 20:57:31 INFO    swv3  源=planette  年=1981-2025  月=[5, 6, 7, 8]
2026-09-30 20:58:39 INFO    写出 olr_1981.nc  (0.4 MB, 123 天)
2026-09-30 20:59:09 INFO    写出 swv2_1981.nc  (0.5 MB, 123 天)
2026-09-30 20:59:27 INFO    写出 swv3_1981.nc  (0.4 MB, 123 天)
2026-09-30 21:00:09 INFO    写出 olr_1982.nc  (0.4 MB, 123 天)
2026-09-30 21:01:02 INFO    写出 swv2_1982.nc  (0.5 MB, 123 天)
2026-09-30 21:01:40 INFO    写出 olr_1983.nc  (0.4 MB, 123 天)
2026-09-30 21:02:02 INFO    写出 swv3_1982.nc  (0.4 MB, 123 天)
2026-09-30 21:02:15 INFO    写出 swv2_1983.nc  (0.4 MB, 123 天)
2026-09-30 21:02:53 INFO    写出 swv2_1984.nc  (0.4 MB, 123 天)
2026-09-30 21:03:05 INFO    写出 olr_1984.nc  (0.4 MB, 123 天)
2026-09-30 21:03:15 INFO    写出 swv3_1983.nc  (0.4 MB, 123 天)
2026-09-30 21:04:26 INFO    写出 swv2_1985.nc  (0.4 MB, 123 天)
2026-09-30 21:04:56 INFO    写出 olr_1985.nc  (0.4 MB, 123 天)
2026-09-30 21:05:11 INFO    写出 swv3_1984.nc  (0.4 MB, 123 天)
2026-09-30 21:06:41 INFO    写出 swv2_1986.nc  (0.5 MB, 123 天)
2026-09-30 21:07:18 INFO    写出 olr_1986.nc  (0.4 MB, 123 天)
2026-09-30 21:07:19 INFO    写出 swv3_1985.nc  (0.4 MB, 123 天)
2026-09-30 21:07:52 INFO    写出 swv2_1987.nc  (0.4 MB, 123 天)
2026-09-30 21:09:33 INFO    写出 olr_1987.nc  (0.4 MB, 123 天)
2026-09-30 21:09:35 INFO    写出 swv3_1986.nc  (0.4 MB, 123 天)
2026-09-30 21:10:11 INFO    写出 swv2_1988.nc  (0.5 MB, 123 天)
2026-09-30 21:10:51 INFO    写出 swv2_1989.nc  (0.4 MB, 123 天)
2026-09-30 21:11:21 INFO    写出 olr_1988.nc  (0.4 MB, 123 天)
2026-09-30 21:11:22 INFO    写出 swv3_1987.nc  (0.4 MB, 123 天)
2026-09-30 21:11:43 INFO    写出 swv2_1990.nc  (0.4 MB, 123 天)
2026-09-30 21:12:31 INFO    写出 olr_1989.nc  (0.4 MB, 123 天)
2026-09-30 21:12:43 INFO    写出 swv3_1988.nc  (0.4 MB, 123 天)
2026-09-30 21:13:01 INFO    写出 swv2_1991.nc  (0.4 MB, 123 天)
2026-09-30 21:13:51 INFO    写出 olr_1990.nc  (0.4 MB, 123 天)
2026-09-30 21:14:09 INFO    写出 swv3_1989.nc  (0.4 MB, 123 天)
2026-09-30 21:14:30 INFO    写出 swv2_1992.nc  (0.5 MB, 123 天)
2026-09-30 21:15:06 INFO    写出 olr_1991.nc  (0.4 MB, 123 天)
2026-09-30 21:15:44 INFO    写出 swv3_1990.nc  (0.4 MB, 123 天)
2026-09-30 21:16:05 INFO    写出 swv2_1993.nc  (0.4 MB, 123 天)
2026-09-30 21:16:28 INFO    写出 olr_1992.nc  (0.4 MB, 123 天)
2026-09-30 21:16:29 INFO    跳过 olr_1993.nc（已存在）
2026-09-30 21:17:06 INFO    写出 swv3_1991.nc  (0.4 MB, 123 天)
2026-09-30 21:17:27 INFO    写出 swv2_1994.nc  (0.5 MB, 123 天)
2026-09-30 21:17:46 INFO    写出 olr_1994.nc  (0.4 MB, 123 天)
2026-09-30 21:18:24 INFO    写出 swv3_1992.nc  (0.4 MB, 123 天)
2026-09-30 21:18:34 INFO    写出 swv2_1995.nc  (0.5 MB, 123 天)
2026-09-30 21:19:05 INFO    写出 olr_1995.nc  (0.4 MB, 123 天)
2026-09-30 21:20:00 INFO    写出 swv2_1996.nc  (0.5 MB, 123 天)
2026-09-30 21:20:04 INFO    写出 swv3_1993.nc  (0.4 MB, 123 天)
2026-09-30 21:20:17 INFO    写出 olr_1996.nc  (0.4 MB, 123 天)
2026-09-30 21:21:06 INFO    写出 swv2_1997.nc  (0.5 MB, 123 天)
2026-09-30 21:21:07 INFO    写出 swv3_1994.nc  (0.5 MB, 123 天)
2026-10-01 08:10:51 INFO    olr  源=planette  年=1981-2025  月=[5, 6, 7, 8]
2026-10-01 08:10:55 INFO    跳过 olr_1981.nc（已存在）
2026-10-01 08:10:55 INFO    跳过 olr_1982.nc（已存在）
2026-10-01 08:10:55 INFO    跳过 olr_1983.nc（已存在）
2026-10-01 08:10:55 INFO    跳过 olr_1984.nc（已存在）
2026-10-01 08:10:55 INFO    跳过 olr_1985.nc（已存在）
2026-10-01 08:10:55 INFO    跳过 olr_1986.nc（已存在）
2026-10-01 08:10:55 INFO    跳过 olr_1987.nc（已存在）
2026-10-01 08:10:55 INFO    跳过 olr_1988.nc（已存在）
2026-10-01 08:10:55 INFO    跳过 olr_1989.nc（已存在）
2026-10-01 08:10:55 INFO    跳过 olr_1990.nc（已存在）
2026-10-01 08:10:55 INFO    跳过 olr_1991.nc（已存在）
2026-10-01 08:10:55 INFO    跳过 olr_1992.nc（已存在）
2026-10-01 08:10:55 INFO    跳过 olr_1993.nc（已存在）
2026-10-01 08:10:55 INFO    跳过 olr_1994.nc（已存在）
2026-10-01 08:10:55 INFO    跳过 olr_1995.nc（已存在）
2026-10-01 08:10:55 INFO    跳过 olr_1996.nc（已存在）
2026-10-01 08:10:56 INFO    swv3  源=planette  年=1981-2025  月=[5, 6, 7, 8]
2026-10-01 08:11:02 INFO    swv2  源=planette  年=1981-2025  月=[5, 6, 7, 8]
2026-10-01 08:11:03 INFO    跳过 swv3_1981.nc（已存在）
2026-10-01 08:11:03 INFO    跳过 swv3_1982.nc（已存在）
2026-10-01 08:11:03 INFO    跳过 swv3_1983.nc（已存在）
2026-10-01 08:11:03 INFO    跳过 swv3_1984.nc（已存在）
2026-10-01 08:11:03 INFO    跳过 swv3_1985.nc（已存在）
2026-10-01 08:11:03 INFO    跳过 swv3_1986.nc（已存在）
2026-10-01 08:11:03 INFO    跳过 swv3_1987.nc（已存在）
2026-10-01 08:11:03 INFO    跳过 swv3_1988.nc（已存在）
2026-10-01 08:11:03 INFO    跳过 swv3_1989.nc（已存在）
2026-10-01 08:11:03 INFO    跳过 swv3_1990.nc（已存在）
2026-10-01 08:11:03 INFO    跳过 swv3_1991.nc（已存在）
2026-10-01 08:11:03 INFO    跳过 swv3_1992.nc（已存在）
2026-10-01 08:11:03 INFO    跳过 swv3_1993.nc（已存在）
2026-10-01 08:11:03 INFO    跳过 swv3_1994.nc（已存在）
2026-10-01 08:11:10 INFO    跳过 swv2_1981.nc（已存在）
2026-10-01 08:11:10 INFO    跳过 swv2_1982.nc（已存在）
2026-10-01 08:11:10 INFO    跳过 swv2_1983.nc（已存在）
2026-10-01 08:11:10 INFO    跳过 swv2_1984.nc（已存在）
2026-10-01 08:11:10 INFO    跳过 swv2_1985.nc（已存在）
2026-10-01 08:11:10 INFO    跳过 swv2_1986.nc（已存在）
2026-10-01 08:11:10 INFO    跳过 swv2_1987.nc（已存在）
2026-10-01 08:11:10 INFO    跳过 swv2_1988.nc（已存在）
2026-10-01 08:11:10 INFO    跳过 swv2_1989.nc（已存在）
2026-10-01 08:11:10 INFO    跳过 swv2_1990.nc（已存在）
2026-10-01 08:11:10 INFO    跳过 swv2_1991.nc（已存在）
2026-10-01 08:11:10 INFO    跳过 swv2_1992.nc（已存在）
2026-10-01 08:11:10 INFO    跳过 swv2_1993.nc（已存在）
2026-10-01 08:11:10 INFO    跳过 swv2_1994.nc（已存在）
2026-10-01 08:11:10 INFO    跳过 swv2_1995.nc（已存在）
2026-10-01 08:11:10 INFO    跳过 swv2_1996.nc（已存在）
2026-10-01 08:11:10 INFO    跳过 swv2_1997.nc（已存在）
2026-10-01 08:12:44 INFO    写出 olr_1997.nc  (0.4 MB, 123 天)
2026-10-01 08:12:46 INFO    写出 swv3_1995.nc  (0.5 MB, 123 天)
2026-10-01 08:12:46 INFO    写出 swv2_1998.nc  (0.4 MB, 123 天)
2026-10-01 08:14:26 INFO    写出 swv2_1999.nc  (0.5 MB, 123 天)
2026-10-01 08:14:26 INFO    写出 olr_1998.nc  (0.4 MB, 123 天)
2026-10-01 08:14:26 INFO    写出 swv3_1996.nc  (0.4 MB, 123 天)
2026-10-01 08:15:40 INFO    写出 swv2_2000.nc  (0.5 MB, 123 天)
2026-10-01 08:15:41 INFO    写出 swv3_1997.nc  (0.5 MB, 123 天)
2026-10-01 08:15:41 INFO    写出 olr_1999.nc  (0.4 MB, 123 天)
2026-10-01 08:16:57 INFO    写出 olr_2000.nc  (0.4 MB, 123 天)
2026-10-01 08:16:57 INFO    写出 swv2_2001.nc  (0.5 MB, 123 天)
2026-10-01 08:16:57 INFO    写出 swv3_1998.nc  (0.4 MB, 123 天)
2026-10-01 08:18:08 INFO    写出 swv3_1999.nc  (0.5 MB, 123 天)
2026-10-01 08:18:08 INFO    写出 swv2_2002.nc  (0.5 MB, 123 天)
2026-10-01 08:18:08 INFO    写出 olr_2001.nc  (0.4 MB, 123 天)
2026-10-01 08:19:22 INFO    写出 olr_2002.nc  (0.4 MB, 123 天)
2026-10-01 08:19:22 INFO    写出 swv3_2000.nc  (0.4 MB, 123 天)
2026-10-01 08:19:22 INFO    写出 swv2_2003.nc  (0.4 MB, 123 天)
2026-10-01 08:20:35 INFO    写出 swv2_2004.nc  (0.5 MB, 123 天)
2026-10-01 08:20:35 INFO    写出 swv3_2001.nc  (0.5 MB, 123 天)
2026-10-01 08:20:35 INFO    写出 olr_2003.nc  (0.4 MB, 123 天)
2026-10-01 08:22:07 INFO    写出 olr_2004.nc  (0.4 MB, 123 天)
2026-10-01 08:22:07 INFO    写出 swv2_2005.nc  (0.5 MB, 123 天)
2026-10-01 08:22:07 INFO    写出 swv3_2002.nc  (0.5 MB, 123 天)
2026-10-01 08:23:42 INFO    写出 olr_2005.nc  (0.4 MB, 123 天)
2026-10-01 08:23:42 INFO    写出 swv3_2003.nc  (0.4 MB, 123 天)
2026-10-01 08:23:42 INFO    写出 swv2_2006.nc  (0.5 MB, 123 天)
2026-10-01 08:25:18 INFO    写出 swv3_2004.nc  (0.5 MB, 123 天)
2026-10-01 08:25:18 INFO    写出 swv2_2007.nc  (0.5 MB, 123 天)
2026-10-01 08:25:19 INFO    写出 olr_2006.nc  (0.4 MB, 123 天)
2026-10-01 08:26:47 INFO    写出 olr_2007.nc  (0.4 MB, 123 天)
2026-10-01 08:26:47 INFO    写出 swv3_2005.nc  (0.5 MB, 123 天)
2026-10-01 08:26:48 INFO    写出 swv2_2008.nc  (0.5 MB, 123 天)
2026-10-01 08:28:16 INFO    写出 swv2_2009.nc  (0.5 MB, 123 天)
2026-10-01 08:28:16 INFO    写出 swv3_2006.nc  (0.5 MB, 123 天)
2026-10-01 08:28:16 INFO    写出 olr_2008.nc  (0.4 MB, 123 天)
2026-10-01 08:29:39 INFO    写出 swv3_2007.nc  (0.4 MB, 123 天)
2026-10-01 08:29:40 INFO    写出 swv2_2010.nc  (0.5 MB, 123 天)
2026-10-01 08:29:40 INFO    写出 olr_2009.nc  (0.4 MB, 123 天)
2026-10-01 08:31:10 INFO    写出 olr_2010.nc  (0.4 MB, 123 天)
2026-10-01 08:31:10 INFO    写出 swv2_2011.nc  (0.5 MB, 123 天)
2026-10-01 08:31:10 INFO    写出 swv3_2008.nc  (0.5 MB, 123 天)
2026-10-01 08:32:33 INFO    写出 swv3_2009.nc  (0.5 MB, 123 天)
2026-10-01 08:32:33 INFO    写出 olr_2011.nc  (0.4 MB, 123 天)
2026-10-01 08:32:33 INFO    写出 swv2_2012.nc  (0.5 MB, 123 天)
2026-10-01 08:34:09 INFO    写出 swv3_2010.nc  (0.4 MB, 123 天)
2026-10-01 08:34:09 INFO    写出 swv2_2013.nc  (0.5 MB, 123 天)
2026-10-01 08:34:09 INFO    写出 olr_2012.nc  (0.4 MB, 123 天)
2026-10-01 08:35:31 INFO    写出 olr_2013.nc  (0.4 MB, 123 天)
2026-10-01 08:35:31 INFO    写出 swv3_2011.nc  (0.5 MB, 123 天)
2026-10-01 08:35:31 INFO    写出 swv2_2014.nc  (0.5 MB, 123 天)
2026-10-01 08:37:00 INFO    写出 swv3_2012.nc  (0.5 MB, 123 天)
2026-10-01 08:37:00 INFO    写出 olr_2014.nc  (0.4 MB, 123 天)
2026-10-01 08:37:00 INFO    写出 swv2_2015.nc  (0.5 MB, 123 天)
2026-10-01 08:38:23 INFO    写出 swv2_2016.nc  (0.5 MB, 123 天)
2026-10-01 08:38:23 INFO    写出 swv3_2013.nc  (0.5 MB, 123 天)
2026-10-01 08:38:23 INFO    写出 olr_2015.nc  (0.4 MB, 123 天)
2026-10-01 08:39:56 INFO    写出 olr_2016.nc  (0.4 MB, 123 天)
2026-10-01 08:39:57 INFO    写出 swv2_2017.nc  (0.5 MB, 123 天)
2026-10-01 08:39:57 INFO    写出 swv3_2014.nc  (0.5 MB, 123 天)
2026-10-01 08:41:21 INFO    写出 swv3_2015.nc  (0.4 MB, 123 天)
2026-10-01 08:41:21 INFO    写出 swv2_2018.nc  (0.5 MB, 123 天)
2026-10-01 08:41:21 INFO    写出 olr_2017.nc  (0.4 MB, 123 天)
2026-10-01 08:42:51 INFO    写出 olr_2018.nc  (0.4 MB, 123 天)
2026-10-01 08:42:52 INFO    写出 swv3_2016.nc  (0.4 MB, 123 天)
2026-10-01 08:42:52 INFO    写出 swv2_2019.nc  (0.5 MB, 123 天)
2026-10-01 08:44:17 INFO    写出 olr_2019.nc  (0.4 MB, 123 天)
2026-10-01 08:44:17 INFO    写出 swv3_2017.nc  (0.5 MB, 123 天)
2026-10-01 08:44:17 INFO    写出 swv2_2020.nc  (0.5 MB, 123 天)
2026-10-01 08:45:58 INFO    写出 olr_2020.nc  (0.4 MB, 123 天)
2026-10-01 08:45:58 INFO    写出 swv2_2021.nc  (0.5 MB, 123 天)
2026-10-01 08:45:58 INFO    写出 swv3_2018.nc  (0.4 MB, 123 天)
2026-10-01 08:45:59 INFO    跳过 swv2_2022.nc（已存在）
2026-10-01 08:47:19 INFO    写出 swv2_2023.nc  (0.5 MB, 123 天)
2026-10-01 08:47:19 INFO    写出 olr_2021.nc  (0.4 MB, 123 天)
2026-10-01 08:47:19 INFO    写出 swv3_2019.nc  (0.5 MB, 123 天)
2026-10-01 08:47:20 INFO    跳过 olr_2022.nc（已存在）
2026-10-01 08:48:56 INFO    写出 swv2_2024.nc  (0.5 MB, 123 天)
2026-10-01 08:48:56 INFO    写出 swv3_2020.nc  (0.5 MB, 123 天)
2026-10-01 08:48:56 INFO    写出 olr_2023.nc  (0.4 MB, 123 天)
2026-10-01 08:50:23 INFO    写出 swv2_2025.nc  (0.5 MB, 123 天)
2026-10-01 08:50:23 INFO    写出 olr_2024.nc  (0.4 MB, 123 天)
2026-10-01 08:50:23 INFO    写出 swv3_2021.nc  (0.5 MB, 123 天)
2026-10-01 08:50:24 INFO    跳过 swv3_2022.nc（已存在）
2026-10-01 08:51:35 INFO    写出 swv3_2023.nc  (0.5 MB, 123 天)
2026-10-01 08:51:36 INFO    写出 olr_2025.nc  (0.4 MB, 123 天)
2026-10-01 08:51:55 INFO    写出 swv3_2024.nc  (0.4 MB, 123 天)
2026-10-01 08:52:16 INFO    写出 swv3_2025.nc  (0.5 MB, 123 天)
2026-10-01 09:26:56 INFO    ssrd  源=openmeteo  年=1995-1995  月=[5, 6, 7, 8]
2026-10-01 09:27:27 INFO    写出 ssrd_1995.nc  (0.1 MB, 123 天)
2026-10-01 09:27:35 INFO    slhtf  源=openmeteo  年=2000-2000  月=[5, 6, 7, 8]
2026-10-01 09:28:04 ERROR   2000 失败：Open-Meteo 返回的 `latent_heat_flux` 全部为 null（models=era5_land）。常见原因：该变量在指定模型下不提供。已实测：shortwave_radiation 需用 models=era5（era5_land 不支持）；latent_heat_flux 在 era5 与 era5_land 下都不提供。请先用一个小请求验证变量名与模型，再重跑。
